KLASA SAMAR,SILNIK,0,1,2,3,4,5,6,7
Autobusy - AUTOBUSY,Benzyna (PB),"0,44","0,38","0,3","0,26","0,21","0,16","0,13","0,1"
Autobusy - AUTOBUSY,Diesel (ON),"0,44","0,38","0,3","0,26","0,21","0,16","0,13","0,1"
Autobusy - AUTOBUSY,Benzyna mHEV (PB-mHEV),"0,44","0,38","0,3","0,26","0,21","0,16","0,13","0,1"
Autobusy - AUTOBUSY,Diesel mHEV (ON-mHEV),"0,44","0,38","0,3","0,26","0,21","0,16","0,13","0,1"
Autobusy - AUTOBUSY,Hybryda (HEV),"0,44","0,38","0,3","0,26","0,21","0,16","0,13","0,1"
Autobusy - AUTOBUSY,Plug-in Hybrid (PHEV),"0,44","0,38","0,3","0,26","0,21","0,16","0,13","0,1"
Autobusy - AUTOBUSY,Elektryczny (BEV),"0,44","0,38","0,3","0,26","0,21","0,16","0,13","0,1"
Autobusy - AUTOBUSY,Wodór (FCEV),"0,44","0,38","0,3","0,26","0,21","0,16","0,13","0,1"
Autobusy - AUTOBUSY,LPG,"0,44","0,38","0,3","0,26","0,21","0,16","0,13","0,1"
Ciężkie dostawcze - CIĘŻKIE DOSTAWCZE,Benzyna (PB),"0,44","0,38","0,3","0,26","0,21","0,16","0,13","0,1"
Ciężkie dostawcze - CIĘŻKIE DOSTAWCZE,Diesel (ON),"0,44","0,38","0,3","0,26","0,21","0,16","0,13","0,1"
Ciężkie dostawcze - CIĘŻKIE DOSTAWCZE,Benzyna mHEV (PB-mHEV),"0,44","0,38","0,3","0,26","0,21","0,16","0,13","0,1"
Ciężkie dostawcze - CIĘŻKIE DOSTAWCZE,Diesel mHEV (ON-mHEV),"0,44","0,38","0,3","0,26","0,21","0,16","0,13","0,1"
Ciężkie dostawcze - CIĘŻKIE DOSTAWCZE,Hybryda (HEV),"0,44","0,38","0,3","0,26","0,21","0,16","0,13","0,1"
Ciężkie dostawcze - CIĘŻKIE DOSTAWCZE,Plug-in Hybrid (PHEV),"0,44","0,38","0,3","0,26","0,21","0,16","0,13","0,1"
Ciężkie dostawcze - CIĘŻKIE DOSTAWCZE,Elektryczny (BEV),"0,44","0,38","0,3","0,26","0,21","0,16","0,13","0,1"
Ciężkie dostawcze - CIĘŻKIE DOSTAWCZE,Wodór (FCEV),"0,44","0,38","0,3","0,26","0,21","0,16","0,13","0,1"
Ciężkie dostawcze - CIĘŻKIE DOSTAWCZE,LPG,"0,44","0,38","0,3","0,26","0,21","0,16","0,13","0,1"
Kombivany - H KOMBI-VANY,Benzyna (PB),"0,49","0,43","0,39","0,35","0,28","0,22","0,17","0,13"
Kombivany - H KOMBI-VANY,Diesel (ON),"0,53","0,47","0,44","0,3","0,24","0,19","0,14","0,1"
Kombivany - H KOMBI-VANY,Benzyna mHEV (PB-mHEV),"0,49","0,43","0,39","0,35","0,28","0,22","0,17","0,13"
Kombivany - H KOMBI-VANY,Diesel mHEV (ON-mHEV),"0,53","0,47","0,44","0,3","0,24","0,19","0,14","0,1"
Kombivany - H KOMBI-VANY,Hybryda (HEV),"0,49","0,43","0,39","0,35","0,28","0,22","0,17","0,13"
Kombivany - H KOMBI-VANY,Plug-in Hybrid (PHEV),"0,49","0,43","0,39","0,35","0,28","0,22","0,17","0,13"
Kombivany - H KOMBI-VANY,Elektryczny (BEV),"0,49","0,43","0,39","0,35","0,28","0,22","0,17","0,13"
Kombivany - H KOMBI-VANY,Wodór (FCEV),"0,49","0,43","0,39","0,35","0,28","0,22","0,17","0,13"
Kombivany - H KOMBI-VANY,LPG,"0,49","0,43","0,39","0,35","0,28","0,22","0,17","0,13"
Lekkie dostawcze - KOMBI VAN,Benzyna (PB),"0,5","0,44","0,37","0,3","0,24","0,19","0,15","0,11"
Lekkie dostawcze - KOMBI VAN,Diesel (ON),"0,47","0,41","0,34","0,37","0,29","0,23","0,14","0,09"
Lekkie dostawcze - KOMBI VAN,Benzyna mHEV (PB-mHEV),"0,5","0,44","0,37","0,3","0,24","0,19","0,15","0,11"
Lekkie dostawcze - KOMBI VAN,Diesel mHEV (ON-mHEV),"0,47","0,41","0,34","0,37","0,29","0,23","0,14","0,09"
Lekkie dostawcze - KOMBI VAN,Hybryda (HEV),"0,5","0,44","0,37","0,3","0,24","0,19","0,15","0,11"
Lekkie dostawcze - KOMBI VAN,Plug-in Hybrid (PHEV),"0,5","0,44","0,37","0,3","0,24","0,19","0,15","0,11"
Lekkie dostawcze - KOMBI VAN,Elektryczny (BEV),"0,5","0,44","0,37","0,3","0,24","0,19","0,15","0,11"
Lekkie dostawcze - KOMBI VAN,Wodór (FCEV),"0,5","0,44","0,37","0,3","0,24","0,19","0,15","0,11"
Lekkie dostawcze - KOMBI VAN,LPG,"0,5","0,44","0,37","0,3","0,24","0,19","0,15","0,11"
Lekkie dostawcze - VAN,Benzyna (PB),"0,44","0,38","0,3","0,26","0,21","0,16","0,13","0,1"
Lekkie dostawcze - VAN,Diesel (ON),"0,44","0,38","0,3","0,26","0,21","0,16","0,13","0,1"
Lekkie dostawcze - VAN,Benzyna mHEV (PB-mHEV),"0,44","0,38","0,3","0,26","0,21","0,16","0,13","0,1"
Lekkie dostawcze - VAN,Diesel mHEV (ON-mHEV),"0,44","0,38","0,3","0,26","0,21","0,16","0,13","0,1"
Lekkie dostawcze - VAN,Hybryda (HEV),"0,44","0,38","0,3","0,26","0,21","0,16","0,13","0,1"
Lekkie dostawcze - VAN,Plug-in Hybrid (PHEV),"0,44","0,38","0,3","0,26","0,21","0,16","0,13","0,1"
Lekkie dostawcze - VAN,Elektryczny (BEV),"0,44","0,38","0,3","0,26","0,21","0,16","0,13","0,1"
Lekkie dostawcze - VAN,Wodór (FCEV),"0,44","0,38","0,3","0,26","0,21","0,16","0,13","0,1"
Lekkie dostawcze - VAN,LPG,"0,44","0,38","0,3","0,26","0,21","0,16","0,13","0,1"
Minibusy - I MINIBUSY,Benzyna (PB),"0,45","0,39","0,32","0,26","0,25","0,2","0,16","0,13"
Minibusy - I MINIBUSY,Diesel (ON),"0,45","0,39","0,32","0,26","0,25","0,2","0,16","0,13"
Minibusy - I MINIBUSY,Benzyna mHEV (PB-mHEV),"0,45","0,39","0,32","0,26","0,25","0,2","0,16","0,13"
Minibusy - I MINIBUSY,Diesel mHEV (ON-mHEV),"0,45","0,39","0,32","0,26","0,25","0,2","0,16","0,13"
Minibusy - I MINIBUSY,Hybryda (HEV),"0,45","0,39","0,32","0,26","0,25","0,2","0,16","0,13"
Minibusy - I MINIBUSY,Plug-in Hybrid (PHEV),"0,45","0,39","0,32","0,26","0,25","0,2","0,16","0,13"
Minibusy - I MINIBUSY,Elektryczny (BEV),"0,45","0,39","0,32","0,26","0,25","0,2","0,16","0,13"
Minibusy - I MINIBUSY,Wodór (FCEV),"0,45","0,39","0,32","0,26","0,25","0,2","0,16","0,13"
Minibusy - I MINIBUSY,LPG,"0,45","0,39","0,32","0,26","0,25","0,2","0,16","0,13"
Pick-up - PICK-UP,Benzyna (PB),"0,49","0,43","0,38","0,37","0,31","0,26","0,21","0,16"
Pick-up - PICK-UP,Diesel (ON),"0,49","0,43","0,38","0,37","0,31","0,26","0,21","0,16"
Pick-up - PICK-UP,Benzyna mHEV (PB-mHEV),"0,49","0,43","0,38","0,37","0,31","0,26","0,21","0,16"
Pick-up - PICK-UP,Diesel mHEV (ON-mHEV),"0,49","0,43","0,38","0,37","0,31","0,26","0,21","0,16"
Pick-up - PICK-UP,Hybryda (HEV),"0,49","0,43","0,38","0,37","0,31","0,26","0,21","0,16"
Pick-up - PICK-UP,Plug-in Hybrid (PHEV),"0,49","0,43","0,38","0,37","0,31","0,26","0,21","0,16"
Pick-up - PICK-UP,Elektryczny (BEV),"0,49","0,43","0,38","0,37","0,31","0,26","0,21","0,16"
Pick-up - PICK-UP,Wodór (FCEV),"0,49","0,43","0,38","0,37","0,31","0,26","0,21","0,16"
Pick-up - PICK-UP,LPG,"0,49","0,43","0,38","0,37","0,31","0,26","0,21","0,16"
Podstawowa - A MINI,Benzyna (PB),"0,44","0,38","0,35","0,33","0,24","0,21","0,17","0,12"
Podstawowa - A MINI,Diesel (ON),"0,44","0,38","0,35","0,33","0,24","0,21","0,17","0,12"
Podstawowa - A MINI,Benzyna mHEV (PB-mHEV),"0,44","0,38","0,35","0,33","0,24","0,21","0,17","0,12"
Podstawowa - A MINI,Diesel mHEV (ON-mHEV),"0,44","0,38","0,35","0,33","0,24","0,21","0,17","0,12"
Podstawowa - A MINI,Hybryda (HEV),"0,44","0,38","0,35","0,33","0,24","0,21","0,17","0,12"
Podstawowa - A MINI,Plug-in Hybrid (PHEV),"0,44","0,38","0,35","0,33","0,24","0,21","0,17","0,12"
Podstawowa - A MINI,Elektryczny (BEV),"0,44","0,38","0,35","0,33","0,24","0,21","0,17","0,12"
Podstawowa - A MINI,Wodór (FCEV),"0,44","0,38","0,35","0,33","0,24","0,21","0,17","0,12"
Podstawowa - A MINI,LPG,"0,44","0,38","0,35","0,33","0,24","0,21","0,17","0,12"
Podstawowa - B MAŁE,Benzyna (PB),"0,41","0,36","0,31","0,28","0,24","0,19","0,14","0,12"
Podstawowa - B MAŁE,Diesel (ON),"0,45","0,39","0,34","0,36","0,22","0,2","0,165","0,105"
Podstawowa - B MAŁE,Benzyna mHEV (PB-mHEV),"0,41","0,36","0,31","0,28","0,24","0,19","0,14","0,12"
Podstawowa - B MAŁE,Diesel mHEV (ON-mHEV),"0,45","0,39","0,34","0,36","0,22","0,2","0,165","0,105"
Podstawowa - B MAŁE,Hybryda (HEV),"0,41","0,36","0,31","0,28","0,24","0,19","0,14","0,12"
Podstawowa - B MAŁE,Plug-in Hybrid (PHEV),"0,41","0,36","0,31","0,28","0,24","0,19","0,14","0,12"
Podstawowa - B MAŁE,Elektryczny (BEV),"0,41","0,36","0,31","0,28","0,24","0,19","0,14","0,12"
Podstawowa - B MAŁE,Wodór (FCEV),"0,41","0,36","0,31","0,28","0,24","0,19","0,14","0,12"
Podstawowa - B MAŁE,LPG,"0,41","0,36","0,31","0,28","0,24","0,19","0,14","0,12"
Podstawowa - C NIŻSZA ŚREDNIA,Benzyna (PB),"0,44","0,38","0,33","0,3","0,24","0,19","0,15","0,11"
Podstawowa - C NIŻSZA ŚREDNIA,Diesel (ON),"0,44","0,38","0,3","0,26","0,21","0,16","0,13","0,1"
Podstawowa - C NIŻSZA ŚREDNIA,Benzyna mHEV (PB-mHEV),"0,44","0,38","0,33","0,3","0,24","0,19","0,15","0,11"
Podstawowa - C NIŻSZA ŚREDNIA,Diesel mHEV (ON-mHEV),"0,44","0,38","0,3","0,26","0,21","0,16","0,13","0,1"
Podstawowa - C NIŻSZA ŚREDNIA,Hybryda (HEV),"0,44","0,38","0,33","0,3","0,24","0,19","0,15","0,11"
Podstawowa - C NIŻSZA ŚREDNIA,Plug-in Hybrid (PHEV),"0,44","0,38","0,33","0,3","0,24","0,19","0,15","0,11"
Podstawowa - C NIŻSZA ŚREDNIA,Elektryczny (BEV),"0,44","0,38","0,33","0,3","0,24","0,19","0,15","0,11"
Podstawowa - C NIŻSZA ŚREDNIA,Wodór (FCEV),"0,44","0,38","0,33","0,3","0,24","0,19","0,15","0,11"
Podstawowa - C NIŻSZA ŚREDNIA,LPG,"0,44","0,38","0,33","0,3","0,24","0,19","0,15","0,11"
Podstawowa - D ŚREDNIA,Benzyna (PB),"0,47","0,4","0,33","0,27","0,23","0,18","0,16","0,15"
Podstawowa - D ŚREDNIA,Diesel (ON),"0,46","0,4","0,32","0,26","0,21","0,16","0,12","0,09"
Podstawowa - D ŚREDNIA,Benzyna mHEV (PB-mHEV),"0,47","0,4","0,33","0,27","0,23","0,18","0,16","0,15"
Podstawowa - D ŚREDNIA,Diesel mHEV (ON-mHEV),"0,46","0,4","0,32","0,26","0,21","0,16","0,12","0,09"
Podstawowa - D ŚREDNIA,Hybryda (HEV),"0,47","0,4","0,33","0,27","0,23","0,18","0,16","0,15"
Podstawowa - D ŚREDNIA,Plug-in Hybrid (PHEV),"0,47","0,4","0,33","0,27","0,23","0,18","0,16","0,15"
Podstawowa - D ŚREDNIA,Elektryczny (BEV),"0,47","0,4","0,33","0,27","0,23","0,18","0,16","0,15"
Podstawowa - D ŚREDNIA,Wodór (FCEV),"0,47","0,4","0,33","0,27","0,23","0,18","0,16","0,15"
Podstawowa - D ŚREDNIA,LPG,"0,47","0,4","0,33","0,27","0,23","0,18","0,16","0,15"
Podstawowa - E WYŻSZA,Benzyna (PB),"0,44","0,37","0,31","0,26","0,19","0,15","0,11","0,08"
Podstawowa - E WYŻSZA,Diesel (ON),"0,43","0,37","0,3","0,25","0,19","0,15","0,12","0,09"
Podstawowa - E WYŻSZA,Benzyna mHEV (PB-mHEV),"0,44","0,37","0,31","0,26","0,19","0,15","0,11","0,08"
Podstawowa - E WYŻSZA,Diesel mHEV (ON-mHEV),"0,43","0,37","0,3","0,25","0,19","0,15","0,12","0,09"
Podstawowa - E WYŻSZA,Hybryda (HEV),"0,44","0,37","0,31","0,26","0,19","0,15","0,11","0,08"
Podstawowa - E WYŻSZA,Plug-in Hybrid (PHEV),"0,44","0,37","0,31","0,26","0,19","0,15","0,11","0,08"
Podstawowa - E WYŻSZA,Elektryczny (BEV),"0,44","0,37","0,31","0,26","0,19","0,15","0,11","0,08"
Podstawowa - E WYŻSZA,Wodór (FCEV),"0,44","0,37","0,31","0,26","0,19","0,15","0,11","0,08"
Podstawowa - E WYŻSZA,LPG,"0,44","0,37","0,31","0,26","0,19","0,15","0,11","0,08"
Podstawowa - F LUKSUSOWE,Benzyna (PB),"0,42","0,35","0,29","0,24","0,17","0,13","0,09","0,06"
Podstawowa - F LUKSUSOWE,Diesel (ON),"0,41","0,35","0,28","0,23","0,17","0,13","0,1","0,07"
Podstawowa - F LUKSUSOWE,Benzyna mHEV (PB-mHEV),"0,42","0,35","0,29","0,24","0,17","0,13","0,09","0,06"
Podstawowa - F LUKSUSOWE,Diesel mHEV (ON-mHEV),"0,41","0,35","0,28","0,23","0,17","0,13","0,1","0,07"
Podstawowa - F LUKSUSOWE,Hybryda (HEV),"0,42","0,35","0,29","0,24","0,17","0,13","0,09","0,06"
Podstawowa - F LUKSUSOWE,Plug-in Hybrid (PHEV),"0,42","0,35","0,29","0,24","0,17","0,13","0,09","0,06"
Podstawowa - F LUKSUSOWE,Elektryczny (BEV),"0,42","0,35","0,29","0,24","0,17","0,13","0,09","0,06"
Podstawowa - F LUKSUSOWE,Wodór (FCEV),"0,42","0,35","0,29","0,24","0,17","0,13","0,09","0,06"
Podstawowa - F LUKSUSOWE,LPG,"0,42","0,35","0,29","0,24","0,17","0,13","0,09","0,06"
Podstawowa - G SUPER LUKSUSOWE,Benzyna (PB),"0,44","0,38","0,33","0,3","0,24","0,19","0,15","0,11"
Podstawowa - G SUPER LUKSUSOWE,Diesel (ON),"0,44","0,38","0,33","0,3","0,24","0,19","0,15","0,11"
Podstawowa - G SUPER LUKSUSOWE,Benzyna mHEV (PB-mHEV),"0,44","0,38","0,33","0,3","0,24","0,19","0,15","0,11"
Podstawowa - G SUPER LUKSUSOWE,Diesel mHEV (ON-mHEV),"0,44","0,38","0,33","0,3","0,24","0,19","0,15","0,11"
Podstawowa - G SUPER LUKSUSOWE,Hybryda (HEV),"0,44","0,38","0,33","0,3","0,24","0,19","0,15","0,11"
Podstawowa - G SUPER LUKSUSOWE,Plug-in Hybrid (PHEV),"0,44","0,38","0,33","0,3","0,24","0,19","0,15","0,11"
Podstawowa - G SUPER LUKSUSOWE,Elektryczny (BEV),"0,44","0,38","0,33","0,3","0,24","0,19","0,15","0,11"
Podstawowa - G SUPER LUKSUSOWE,Wodór (FCEV),"0,44","0,38","0,33","0,3","0,24","0,19","0,15","0,11"
Podstawowa - G SUPER LUKSUSOWE,LPG,"0,44","0,38","0,33","0,3","0,24","0,19","0,15","0,11"
Sportowo-rekreacyjne - A MINI,Benzyna (PB),"0,44","0,38","0,33","0,3","0,24","0,19","0,15","0,11"
Sportowo-rekreacyjne - A MINI,Diesel (ON),"0,44","0,38","0,33","0,3","0,24","0,19","0,15","0,11"
Sportowo-rekreacyjne - A MINI,Benzyna mHEV (PB-mHEV),"0,44","0,38","0,33","0,3","0,24","0,19","0,15","0,11"
Sportowo-rekreacyjne - A MINI,Diesel mHEV (ON-mHEV),"0,44","0,38","0,33","0,3","0,24","0,19","0,15","0,11"
Sportowo-rekreacyjne - A MINI,Hybryda (HEV),"0,44","0,38","0,33","0,3","0,24","0,19","0,15","0,11"
Sportowo-rekreacyjne - A MINI,Plug-in Hybrid (PHEV),"0,44","0,38","0,33","0,3","0,24","0,19","0,15","0,11"
Sportowo-rekreacyjne - A MINI,Elektryczny (BEV),"0,44","0,38","0,33","0,3","0,24","0,19","0,15","0,11"
Sportowo-rekreacyjne - A MINI,Wodór (FCEV),"0,44","0,38","0,33","0,3","0,24","0,19","0,15","0,11"
Sportowo-rekreacyjne - A MINI,LPG,"0,44","0,38","0,33","0,3","0,24","0,19","0,15","0,11"
Sportowo-rekreacyjne - B MAŁE,Benzyna (PB),"0,44","0,38","0,33","0,3","0,24","0,19","0,15","0,11"
Sportowo-rekreacyjne - B MAŁE,Diesel (ON),"0,44","0,38","0,33","0,3","0,24","0,19","0,15","0,11"
Sportowo-rekreacyjne - B MAŁE,Benzyna mHEV (PB-mHEV),"0,44","0,38","0,33","0,3","0,24","0,19","0,15","0,11"
Sportowo-rekreacyjne - B MAŁE,Diesel mHEV (ON-mHEV),"0,44","0,38","0,33","0,3","0,24","0,19","0,15","0,11"
Sportowo-rekreacyjne - B MAŁE,Hybryda (HEV),"0,44","0,38","0,33","0,3","0,24","0,19","0,15","0,11"
Sportowo-rekreacyjne - B MAŁE,Plug-in Hybrid (PHEV),"0,44","0,38","0,33","0,3","0,24","0,19","0,15","0,11"
Sportowo-rekreacyjne - B MAŁE,Elektryczny (BEV),"0,44","0,38","0,33","0,3","0,24","0,19","0,15","0,11"
Sportowo-rekreacyjne - B MAŁE,Wodór (FCEV),"0,44","0,38","0,33","0,3","0,24","0,19","0,15","0,11"
Sportowo-rekreacyjne - B MAŁE,LPG,"0,44","0,38","0,33","0,3","0,24","0,19","0,15","0,11"
Sportowo-rekreacyjne - C NIŻSZA ŚREDNIA,Benzyna (PB),"0,44","0,38","0,33","0,3","0,24","0,19","0,15","0,11"
Sportowo-rekreacyjne - C NIŻSZA ŚREDNIA,Diesel (ON),"0,44","0,38","0,33","0,3","0,24","0,19","0,15","0,11"
Sportowo-rekreacyjne - C NIŻSZA ŚREDNIA,Benzyna mHEV (PB-mHEV),"0,44","0,38","0,33","0,3","0,24","0,19","0,15","0,11"
Sportowo-rekreacyjne - C NIŻSZA ŚREDNIA,Diesel mHEV (ON-mHEV),"0,44","0,38","0,33","0,3","0,24","0,19","0,15","0,11"
Sportowo-rekreacyjne - C NIŻSZA ŚREDNIA,Hybryda (HEV),"0,44","0,38","0,33","0,3","0,24","0,19","0,15","0,11"
Sportowo-rekreacyjne - C NIŻSZA ŚREDNIA,Plug-in Hybrid (PHEV),"0,44","0,38","0,33","0,3","0,24","0,19","0,15","0,11"
Sportowo-rekreacyjne - C NIŻSZA ŚREDNIA,Elektryczny (BEV),"0,44","0,38","0,33","0,3","0,24","0,19","0,15","0,11"
Sportowo-rekreacyjne - C NIŻSZA ŚREDNIA,Wodór (FCEV),"0,44","0,38","0,33","0,3","0,24","0,19","0,15","0,11"
Sportowo-rekreacyjne - C NIŻSZA ŚREDNIA,LPG,"0,44","0,38","0,33","0,3","0,24","0,19","0,15","0,11"
Sportowo-rekreacyjne - D ŚREDNIA,Benzyna (PB),"0,44","0,38","0,33","0,3","0,24","0,19","0,15","0,11"
Sportowo-rekreacyjne - D ŚREDNIA,Diesel (ON),"0,44","0,38","0,33","0,3","0,24","0,19","0,15","0,11"
Sportowo-rekreacyjne - D ŚREDNIA,Benzyna mHEV (PB-mHEV),"0,44","0,38","0,33","0,3","0,24","0,19","0,15","0,11"
Sportowo-rekreacyjne - D ŚREDNIA,Diesel mHEV (ON-mHEV),"0,44","0,38","0,33","0,3","0,24","0,19","0,15","0,11"
Sportowo-rekreacyjne - D ŚREDNIA,Hybryda (HEV),"0,44","0,38","0,33","0,3","0,24","0,19","0,15","0,11"
Sportowo-rekreacyjne - D ŚREDNIA,Plug-in Hybrid (PHEV),"0,44","0,38","0,33","0,3","0,24","0,19","0,15","0,11"
Sportowo-rekreacyjne - D ŚREDNIA,Elektryczny (BEV),"0,44","0,38","0,33","0,3","0,24","0,19","0,15","0,11"
Sportowo-rekreacyjne - D ŚREDNIA,Wodór (FCEV),"0,44","0,38","0,33","0,3","0,24","0,19","0,15","0,11"
Sportowo-rekreacyjne - D ŚREDNIA,LPG,"0,44","0,38","0,33","0,3","0,24","0,19","0,15","0,11"
Sportowo-rekreacyjne - E WYŻSZA,Benzyna (PB),"0,44","0,38","0,33","0,3","0,24","0,19","0,15","0,11"
Sportowo-rekreacyjne - E WYŻSZA,Diesel (ON),"0,44","0,38","0,33","0,3","0,24","0,19","0,15","0,11"
Sportowo-rekreacyjne - E WYŻSZA,Benzyna mHEV (PB-mHEV),"0,44","0,38","0,33","0,3","0,24","0,19","0,15","0,11"
Sportowo-rekreacyjne - E WYŻSZA,Diesel mHEV (ON-mHEV),"0,44","0,38","0,33","0,3","0,24","0,19","0,15","0,11"
Sportowo-rekreacyjne - E WYŻSZA,Hybryda (HEV),"0,44","0,38","0,33","0,3","0,24","0,19","0,15","0,11"
Sportowo-rekreacyjne - E WYŻSZA,Plug-in Hybrid (PHEV),"0,44","0,38","0,33","0,3","0,24","0,19","0,15","0,11"
Sportowo-rekreacyjne - E WYŻSZA,Elektryczny (BEV),"0,44","0,38","0,33","0,3","0,24","0,19","0,15","0,11"
Sportowo-rekreacyjne - E WYŻSZA,Wodór (FCEV),"0,44","0,38","0,33","0,3","0,24","0,19","0,15","0,11"
Sportowo-rekreacyjne - E WYŻSZA,LPG,"0,44","0,38","0,33","0,3","0,24","0,19","0,15","0,11"
Sportowo-rekreacyjne - F LUKSUSOWE,Benzyna (PB),"0,44","0,38","0,33","0,3","0,24","0,19","0,15","0,11"
Sportowo-rekreacyjne - F LUKSUSOWE,Diesel (ON),"0,44","0,38","0,33","0,3","0,24","0,19","0,15","0,11"
Sportowo-rekreacyjne - F LUKSUSOWE,Benzyna mHEV (PB-mHEV),"0,44","0,38","0,33","0,3","0,24","0,19","0,15","0,11"
Sportowo-rekreacyjne - F LUKSUSOWE,Diesel mHEV (ON-mHEV),"0,44","0,38","0,33","0,3","0,24","0,19","0,15","0,11"
Sportowo-rekreacyjne - F LUKSUSOWE,Hybryda (HEV),"0,44","0,38","0,33","0,3","0,24","0,19","0,15","0,11"
Sportowo-rekreacyjne - F LUKSUSOWE,Plug-in Hybrid (PHEV),"0,44","0,38","0,33","0,3","0,24","0,19","0,15","0,11"
Sportowo-rekreacyjne - F LUKSUSOWE,Elektryczny (BEV),"0,44","0,38","0,33","0,3","0,24","0,19","0,15","0,11"
Sportowo-rekreacyjne - F LUKSUSOWE,Wodór (FCEV),"0,44","0,38","0,33","0,3","0,24","0,19","0,15","0,11"
Sportowo-rekreacyjne - F LUKSUSOWE,LPG,"0,44","0,38","0,33","0,3","0,24","0,19","0,15","0,11"
Sportowo-rekreacyjne - G SUPER LUKSUSOWE,Benzyna (PB),"0,44","0,38","0,33","0,3","0,24","0,19","0,15","0,11"
Sportowo-rekreacyjne - G SUPER LUKSUSOWE,Diesel (ON),"0,44","0,38","0,33","0,3","0,24","0,19","0,15","0,11"
Sportowo-rekreacyjne - G SUPER LUKSUSOWE,Benzyna mHEV (PB-mHEV),"0,44","0,38","0,33","0,3","0,24","0,19","0,15","0,11"
Sportowo-rekreacyjne - G SUPER LUKSUSOWE,Diesel mHEV (ON-mHEV),"0,44","0,38","0,33","0,3","0,24","0,19","0,15","0,11"
Sportowo-rekreacyjne - G SUPER LUKSUSOWE,Hybryda (HEV),"0,44","0,38","0,33","0,3","0,24","0,19","0,15","0,11"
Sportowo-rekreacyjne - G SUPER LUKSUSOWE,Plug-in Hybrid (PHEV),"0,44","0,38","0,33","0,3","0,24","0,19","0,15","0,11"
Sportowo-rekreacyjne - G SUPER LUKSUSOWE,Elektryczny (BEV),"0,44","0,38","0,33","0,3","0,24","0,19","0,15","0,11"
Sportowo-rekreacyjne - G SUPER LUKSUSOWE,Wodór (FCEV),"0,44","0,38","0,33","0,3","0,24","0,19","0,15","0,11"
Sportowo-rekreacyjne - G SUPER LUKSUSOWE,LPG,"0,44","0,38","0,33","0,3","0,24","0,19","0,15","0,11"
Średnie dostawcze - ŚREDNIE DOSTAWCZE,Benzyna (PB),"0,44","0,38","0,3","0,26","0,21","0,16","0,13","0,1"
Średnie dostawcze - ŚREDNIE DOSTAWCZE,Diesel (ON),"0,44","0,38","0,3","0,26","0,21","0,16","0,13","0,1"
Średnie dostawcze - ŚREDNIE DOSTAWCZE,Benzyna mHEV (PB-mHEV),"0,44","0,38","0,3","0,26","0,21","0,16","0,13","0,1"
Średnie dostawcze - ŚREDNIE DOSTAWCZE,Diesel mHEV (ON-mHEV),"0,44","0,38","0,3","0,26","0,21","0,16","0,13","0,1"
Średnie dostawcze - ŚREDNIE DOSTAWCZE,Hybryda (HEV),"0,44","0,38","0,3","0,26","0,21","0,16","0,13","0,1"
Średnie dostawcze - ŚREDNIE DOSTAWCZE,Plug-in Hybrid (PHEV),"0,44","0,38","0,3","0,26","0,21","0,16","0,13","0,1"
Średnie dostawcze - ŚREDNIE DOSTAWCZE,Elektryczny (BEV),"0,44","0,38","0,3","0,26","0,21","0,16","0,13","0,1"
Średnie dostawcze - ŚREDNIE DOSTAWCZE,Wodór (FCEV),"0,44","0,38","0,3","0,26","0,21","0,16","0,13","0,1"
Średnie dostawcze - ŚREDNIE DOSTAWCZE,LPG,"0,44","0,38","0,3","0,26","0,21","0,16","0,13","0,1"
Terenowo-rekreacyjne (SUV) - B MAŁE,Benzyna (PB),"0,43","0,37","0,35","0,29","0,25","0,2","0,15","0,13"
Terenowo-rekreacyjne (SUV) - B MAŁE,Diesel (ON),"0,45","0,39","0,34","0,36","0,22","0,2","0,165","0,105"
Terenowo-rekreacyjne (SUV) - B MAŁE,Benzyna mHEV (PB-mHEV),"0,43","0,37","0,35","0,29","0,25","0,2","0,15","0,13"
Terenowo-rekreacyjne (SUV) - B MAŁE,Diesel mHEV (ON-mHEV),"0,45","0,39","0,34","0,36","0,22","0,2","0,165","0,105"
Terenowo-rekreacyjne (SUV) - B MAŁE,Hybryda (HEV),"0,43","0,37","0,35","0,29","0,25","0,2","0,15","0,13"
Terenowo-rekreacyjne (SUV) - B MAŁE,Plug-in Hybrid (PHEV),"0,43","0,37","0,35","0,29","0,25","0,2","0,15","0,13"
Terenowo-rekreacyjne (SUV) - B MAŁE,Elektryczny (BEV),"0,43","0,37","0,35","0,29","0,25","0,2","0,15","0,13"
Terenowo-rekreacyjne (SUV) - B MAŁE,Wodór (FCEV),"0,43","0,37","0,35","0,29","0,25","0,2","0,15","0,13"
Terenowo-rekreacyjne (SUV) - B MAŁE,LPG,"0,43","0,37","0,35","0,29","0,25","0,2","0,15","0,13"
Terenowo-rekreacyjne (SUV) - C NIŻSZA ŚREDNIA,Benzyna (PB),"0,43","0,37","0,32","0,3","0,25","0,2","0,18","0,13"
Terenowo-rekreacyjne (SUV) - C NIŻSZA ŚREDNIA,Diesel (ON),"0,52","0,46","0,37","0,32","0,22","0,2","0,16","0,13"
Terenowo-rekreacyjne (SUV) - C NIŻSZA ŚREDNIA,Benzyna mHEV (PB-mHEV),"0,43","0,37","0,32","0,3","0,25","0,2","0,18","0,13"
Terenowo-rekreacyjne (SUV) - C NIŻSZA ŚREDNIA,Diesel mHEV (ON-mHEV),"0,52","0,46","0,37","0,32","0,22","0,2","0,16","0,13"
Terenowo-rekreacyjne (SUV) - C NIŻSZA ŚREDNIA,Hybryda (HEV),"0,43","0,37","0,32","0,3","0,25","0,2","0,18","0,13"
Terenowo-rekreacyjne (SUV) - C NIŻSZA ŚREDNIA,Plug-in Hybrid (PHEV),"0,43","0,37","0,32","0,3","0,25","0,2","0,18","0,13"
Terenowo-rekreacyjne (SUV) - C NIŻSZA ŚREDNIA,Elektryczny (BEV),"0,43","0,37","0,32","0,3","0,25","0,2","0,18","0,13"
Terenowo-rekreacyjne (SUV) - C NIŻSZA ŚREDNIA,Wodór (FCEV),"0,43","0,37","0,32","0,3","0,25","0,2","0,18","0,13"
Terenowo-rekreacyjne (SUV) - C NIŻSZA ŚREDNIA,LPG,"0,43","0,37","0,32","0,3","0,25","0,2","0,18","0,13"
Terenowo-rekreacyjne (SUV) - D ŚREDNIA,Benzyna (PB),"0,44","0,38","0,32","0,26","0,22","0,18","0,14","0,13"
Terenowo-rekreacyjne (SUV) - D ŚREDNIA,Diesel (ON),"0,46","0,4","0,3","0,26","0,21","0,16","0,13","0,1"
Terenowo-rekreacyjne (SUV) - D ŚREDNIA,Benzyna mHEV (PB-mHEV),"0,44","0,38","0,32","0,26","0,22","0,18","0,14","0,13"
Terenowo-rekreacyjne (SUV) - D ŚREDNIA,Diesel mHEV (ON-mHEV),"0,46","0,4","0,3","0,26","0,21","0,16","0,13","0,1"
Terenowo-rekreacyjne (SUV) - D ŚREDNIA,Hybryda (HEV),"0,44","0,38","0,32","0,26","0,22","0,18","0,14","0,13"
Terenowo-rekreacyjne (SUV) - D ŚREDNIA,Plug-in Hybrid (PHEV),"0,44","0,38","0,32","0,26","0,22","0,18","0,14","0,13"
Terenowo-rekreacyjne (SUV) - D ŚREDNIA,Elektryczny (BEV),"0,44","0,38","0,32","0,26","0,22","0,18","0,14","0,13"
Terenowo-rekreacyjne (SUV) - D ŚREDNIA,Wodór (FCEV),"0,44","0,38","0,32","0,26","0,22","0,18","0,14","0,13"
Terenowo-rekreacyjne (SUV) - D ŚREDNIA,LPG,"0,44","0,38","0,32","0,26","0,22","0,18","0,14","0,13"
Terenowo-rekreacyjne (SUV) - E WYŻSZA,Benzyna (PB),"0,48","0,42","0,36","0,3","0,24","0,15","0,14","0,1"
Terenowo-rekreacyjne (SUV) - E WYŻSZA,Diesel (ON),"0,43","0,36","0,3","0,26","0,21","0,17","0,13","0,11"
Terenowo-rekreacyjne (SUV) - E WYŻSZA,Benzyna mHEV (PB-mHEV),"0,48","0,42","0,36","0,3","0,24","0,15","0,14","0,1"
Terenowo-rekreacyjne (SUV) - E WYŻSZA,Diesel mHEV (ON-mHEV),"0,43","0,36","0,3","0,26","0,21","0,17","0,13","0,11"
Terenowo-rekreacyjne (SUV) - E WYŻSZA,Hybryda (HEV),"0,48","0,42","0,36","0,3","0,24","0,15","0,14","0,1"
Terenowo-rekreacyjne (SUV) - E WYŻSZA,Plug-in Hybrid (PHEV),"0,48","0,42","0,36","0,3","0,24","0,15","0,14","0,1"
Terenowo-rekreacyjne (SUV) - E WYŻSZA,Elektryczny (BEV),"0,48","0,42","0,36","0,3","0,24","0,15","0,14","0,1"
Terenowo-rekreacyjne (SUV) - E WYŻSZA,Wodór (FCEV),"0,48","0,42","0,36","0,3","0,24","0,15","0,14","0,1"
Terenowo-rekreacyjne (SUV) - E WYŻSZA,LPG,"0,48","0,42","0,36","0,3","0,24","0,15","0,14","0,1"
Terenowo-rekreacyjne (SUV) - F LUKSUSOWE,Benzyna (PB),"0,43","0,37","0,3","0,29","0,23","0,19","0,15","0,13"
Terenowo-rekreacyjne (SUV) - F LUKSUSOWE,Diesel (ON),"0,45","0,39","0,32","0,29","0,23","0,19","0,15","0,11"
Terenowo-rekreacyjne (SUV) - F LUKSUSOWE,Benzyna mHEV (PB-mHEV),"0,43","0,37","0,3","0,29","0,23","0,19","0,15","0,13"
Terenowo-rekreacyjne (SUV) - F LUKSUSOWE,Diesel mHEV (ON-mHEV),"0,45","0,39","0,32","0,29","0,23","0,19","0,15","0,11"
Terenowo-rekreacyjne (SUV) - F LUKSUSOWE,Hybryda (HEV),"0,43","0,37","0,3","0,29","0,23","0,19","0,15","0,13"
Terenowo-rekreacyjne (SUV) - F LUKSUSOWE,Plug-in Hybrid (PHEV),"0,43","0,37","0,3","0,29","0,23","0,19","0,15","0,13"
Terenowo-rekreacyjne (SUV) - F LUKSUSOWE,Elektryczny (BEV),"0,43","0,37","0,3","0,29","0,23","0,19","0,15","0,13"
Terenowo-rekreacyjne (SUV) - F LUKSUSOWE,Wodór (FCEV),"0,43","0,37","0,3","0,29","0,23","0,19","0,15","0,13"
Terenowo-rekreacyjne (SUV) - F LUKSUSOWE,LPG,"0,43","0,37","0,3","0,29","0,23","0,19","0,15","0,13"
Terenowo-rekreacyjne (SUV) - G SUPER LUKSUSOWE,Benzyna (PB),"0,43","0,37","0,32","0,3","0,25","0,2","0,18","0,13"
Terenowo-rekreacyjne (SUV) - G SUPER LUKSUSOWE,Diesel (ON),"0,43","0,37","0,32","0,3","0,25","0,2","0,18","0,13"
Terenowo-rekreacyjne (SUV) - G SUPER LUKSUSOWE,Benzyna mHEV (PB-mHEV),"0,43","0,37","0,32","0,3","0,25","0,2","0,18","0,13"
Terenowo-rekreacyjne (SUV) - G SUPER LUKSUSOWE,Diesel mHEV (ON-mHEV),"0,43","0,37","0,32","0,3","0,25","0,2","0,18","0,13"
Terenowo-rekreacyjne (SUV) - G SUPER LUKSUSOWE,Hybryda (HEV),"0,43","0,37","0,32","0,3","0,25","0,2","0,18","0,13"
Terenowo-rekreacyjne (SUV) - G SUPER LUKSUSOWE,Plug-in Hybrid (PHEV),"0,43","0,37","0,32","0,3","0,25","0,2","0,18","0,13"
Terenowo-rekreacyjne (SUV) - G SUPER LUKSUSOWE,Elektryczny (BEV),"0,43","0,37","0,32","0,3","0,25","0,2","0,18","0,13"
Terenowo-rekreacyjne (SUV) - G SUPER LUKSUSOWE,Wodór (FCEV),"0,43","0,37","0,32","0,3","0,25","0,2","0,18","0,13"
Terenowo-rekreacyjne (SUV) - G SUPER LUKSUSOWE,LPG,"0,43","0,37","0,32","0,3","0,25","0,2","0,18","0,13"
Vany - B MICROVANY,Benzyna (PB),"0,44","0,38","0,3","0,26","0,21","0,16","0,13","0,1"
Vany - B MICROVANY,Diesel (ON),"0,44","0,38","0,3","0,26","0,21","0,16","0,13","0,1"
Vany - B MICROVANY,Benzyna mHEV (PB-mHEV),"0,44","0,38","0,3","0,26","0,21","0,16","0,13","0,1"
Vany - B MICROVANY,Diesel mHEV (ON-mHEV),"0,44","0,38","0,3","0,26","0,21","0,16","0,13","0,1"
Vany - B MICROVANY,Hybryda (HEV),"0,44","0,38","0,3","0,26","0,21","0,16","0,13","0,1"
Vany - B MICROVANY,Plug-in Hybrid (PHEV),"0,44","0,38","0,3","0,26","0,21","0,16","0,13","0,1"
Vany - B MICROVANY,Elektryczny (BEV),"0,44","0,38","0,3","0,26","0,21","0,16","0,13","0,1"
Vany - B MICROVANY,Wodór (FCEV),"0,44","0,38","0,3","0,26","0,21","0,16","0,13","0,1"
Vany - B MICROVANY,LPG,"0,44","0,38","0,3","0,26","0,21","0,16","0,13","0,1"
Vany - C MINIVANY,Benzyna (PB),"0,44","0,38","0,3","0,26","0,21","0,16","0,13","0,1"
Vany - C MINIVANY,Diesel (ON),"0,44","0,38","0,3","0,26","0,21","0,16","0,13","0,1"
Vany - C MINIVANY,Benzyna mHEV (PB-mHEV),"0,44","0,38","0,3","0,26","0,21","0,16","0,13","0,1"
Vany - C MINIVANY,Diesel mHEV (ON-mHEV),"0,44","0,38","0,3","0,26","0,21","0,16","0,13","0,1"
Vany - C MINIVANY,Hybryda (HEV),"0,44","0,38","0,3","0,26","0,21","0,16","0,13","0,1"
Vany - C MINIVANY,Plug-in Hybrid (PHEV),"0,44","0,38","0,3","0,26","0,21","0,16","0,13","0,1"
Vany - C MINIVANY,Elektryczny (BEV),"0,44","0,38","0,3","0,26","0,21","0,16","0,13","0,1"
Vany - C MINIVANY,Wodór (FCEV),"0,44","0,38","0,3","0,26","0,21","0,16","0,13","0,1"
Vany - C MINIVANY,LPG,"0,44","0,38","0,3","0,26","0,21","0,16","0,13","0,1"
Vany - D VANY,Benzyna (PB),"0,44","0,38","0,3","0,26","0,21","0,16","0,13","0,1"
Vany - D VANY,Diesel (ON),"0,44","0,38","0,3","0,26","0,21","0,16","0,13","0,1"
Vany - D VANY,Benzyna mHEV (PB-mHEV),"0,44","0,38","0,3","0,26","0,21","0,16","0,13","0,1"
Vany - D VANY,Diesel mHEV (ON-mHEV),"0,44","0,38","0,3","0,26","0,21","0,16","0,13","0,1"
Vany - D VANY,Hybryda (HEV),"0,44","0,38","0,3","0,26","0,21","0,16","0,13","0,1"
Vany - D VANY,Plug-in Hybrid (PHEV),"0,44","0,38","0,3","0,26","0,21","0,16","0,13","0,1"
Vany - D VANY,Elektryczny (BEV),"0,44","0,38","0,3","0,26","0,21","0,16","0,13","0,1"
Vany - D VANY,Wodór (FCEV),"0,44","0,38","0,3","0,26","0,21","0,16","0,13","0,1"
Vany - D VANY,LPG,"0,44","0,38","0,3","0,26","0,21","0,16","0,13","0,1"
Vany - E WYŻSZA,Benzyna (PB),"0,44","0,38","0,3","0,26","0,21","0,16","0,13","0,1"
Vany - E WYŻSZA,Diesel (ON),"0,44","0,38","0,3","0,26","0,21","0,16","0,13","0,1"
Vany - E WYŻSZA,Benzyna mHEV (PB-mHEV),"0,44","0,38","0,3","0,26","0,21","0,16","0,13","0,1"
Vany - E WYŻSZA,Diesel mHEV (ON-mHEV),"0,44","0,38","0,3","0,26","0,21","0,16","0,13","0,1"
Vany - E WYŻSZA,Hybryda (HEV),"0,44","0,38","0,3","0,26","0,21","0,16","0,13","0,1"
Vany - E WYŻSZA,Plug-in Hybrid (PHEV),"0,44","0,38","0,3","0,26","0,21","0,16","0,13","0,1"
Vany - E WYŻSZA,Elektryczny (BEV),"0,44","0,38","0,3","0,26","0,21","0,16","0,13","0,1"
Vany - E WYŻSZA,Wodór (FCEV),"0,44","0,38","0,3","0,26","0,21","0,16","0,13","0,1"
Vany - E WYŻSZA,LPG,"0,44","0,38","0,3","0,26","0,21","0,16","0,13","0,1"
Vany - F LUKSUSOWE,Benzyna (PB),"0,44","0,38","0,3","0,26","0,21","0,16","0,13","0,1"
Vany - F LUKSUSOWE,Diesel (ON),"0,44","0,38","0,3","0,26","0,21","0,16","0,13","0,1"
Vany - F LUKSUSOWE,Benzyna mHEV (PB-mHEV),"0,44","0,38","0,3","0,26","0,21","0,16","0,13","0,1"
Vany - F LUKSUSOWE,Diesel mHEV (ON-mHEV),"0,44","0,38","0,3","0,26","0,21","0,16","0,13","0,1"
Vany - F LUKSUSOWE,Hybryda (HEV),"0,44","0,38","0,3","0,26","0,21","0,16","0,13","0,1"
Vany - F LUKSUSOWE,Plug-in Hybrid (PHEV),"0,44","0,38","0,3","0,26","0,21","0,16","0,13","0,1"
Vany - F LUKSUSOWE,Elektryczny (BEV),"0,44","0,38","0,3","0,26","0,21","0,16","0,13","0,1"
Vany - F LUKSUSOWE,Wodór (FCEV),"0,44","0,38","0,3","0,26","0,21","0,16","0,13","0,1"
Vany - F LUKSUSOWE,LPG,"0,44","0,38","0,3","0,26","0,21","0,16","0,13","0,1"