"Przebieg normatywny dla 48 miesięcy","Rodzaj silnika","35000","35000","70000","105000","140000","175000","210000","245000"
"Rok eksploatacji","","0","1","2","3","4","5","6","7"
"Autobusy - AUTOBUSY","Benzyna (PB)","0,050","0,100","0,100","0,100","0,000","0,070","0,070","0,070"
"Autobusy - AUTOBUSY","Diesel (ON)","0,050","0,100","0,100","0,100","0,000","0,070","0,070","0,070"
"Autobusy - AUTOBUSY","Benzyna mHEV (PB-mHEV)","0,050","0,100","0,100","0,100","0,000","0,070","0,070","0,070"
"Autobusy - AUTOBUSY","Diesel mHEV (ON-mHEV)","0,050","0,100","0,100","0,100","0,000","0,070","0,070","0,070"
"Autobusy - AUTOBUSY","Hybryda (HEV)","0,050","0,100","0,100","0,100","0,000","0,070","0,070","0,070"
"Autobusy - AUTOBUSY","Plug-in Hybrid (PHEV)","0,050","0,100","0,100","0,100","0,000","0,070","0,070","0,070"
"Autobusy - AUTOBUSY","Elektryczny (BEV)","0,050","0,100","0,100","0,100","0,000","0,070","0,070","0,070"
"Autobusy - AUTOBUSY","Wodór (FCEV)","0,050","0,100","0,100","0,100","0,000","0,070","0,070","0,070"
"Autobusy - AUTOBUSY","LPG","0,050","0,100","0,100","0,100","0,000","0,070","0,070","0,070"
"Ciężkie dostawcze - CIĘŻKIE DOSTAWCZE","Benzyna (PB)","0,050","0,100","0,100","0,100","0,000","0,070","0,070","0,070"
"Ciężkie dostawcze - CIĘŻKIE DOSTAWCZE","Diesel (ON)","0,050","0,100","0,100","0,100","0,000","0,070","0,070","0,070"
"Ciężkie dostawcze - CIĘŻKIE DOSTAWCZE","Benzyna mHEV (PB-mHEV)","0,050","0,100","0,100","0,100","0,000","0,070","0,070","0,070"
"Ciężkie dostawcze - CIĘŻKIE DOSTAWCZE","Diesel mHEV (ON-mHEV)","0,050","0,100","0,100","0,100","0,000","0,070","0,070","0,070"
"Ciężkie dostawcze - CIĘŻKIE DOSTAWCZE","Hybryda (HEV)","0,050","0,100","0,100","0,100","0,000","0,070","0,070","0,070"
"Ciężkie dostawcze - CIĘŻKIE DOSTAWCZE","Plug-in Hybrid (PHEV)","0,050","0,100","0,100","0,100","0,000","0,070","0,070","0,070"
"Ciężkie dostawcze - CIĘŻKIE DOSTAWCZE","Elektryczny (BEV)","0,050","0,100","0,100","0,100","0,000","0,070","0,070","0,070"
"Ciężkie dostawcze - CIĘŻKIE DOSTAWCZE","Wodór (FCEV)","0,050","0,100","0,100","0,100","0,000","0,070","0,070","0,070"
"Ciężkie dostawcze - CIĘŻKIE DOSTAWCZE","LPG","0,050","0,100","0,100","0,100","0,000","0,070","0,070","0,070"
"Kombivany - H KOMBI-VANY","Benzyna (PB)","0,050","0,120","0,120","0,120","0,000","0,070","0,070","0,080"
"Kombivany - H KOMBI-VANY","Diesel (ON)","0,050","0,130","0,130","0,130","0,000","0,070","0,070","0,080"
"Kombivany - H KOMBI-VANY","Benzyna mHEV (PB-mHEV)","0,050","0,120","0,120","0,120","0,000","0,070","0,070","0,080"
"Kombivany - H KOMBI-VANY","Diesel mHEV (ON-mHEV)","0,050","0,130","0,130","0,130","0,000","0,070","0,070","0,080"
"Kombivany - H KOMBI-VANY","Hybryda (HEV)","0,050","0,120","0,120","0,120","0,000","0,070","0,070","0,080"
"Kombivany - H KOMBI-VANY","Plug-in Hybrid (PHEV)","0,050","0,120","0,120","0,120","0,000","0,070","0,070","0,080"
"Kombivany - H KOMBI-VANY","Elektryczny (BEV)","0,050","0,120","0,120","0,120","0,000","0,070","0,070","0,080"
"Kombivany - H KOMBI-VANY","Wodór (FCEV)","0,050","0,120","0,120","0,120","0,000","0,070","0,070","0,080"
"Kombivany - H KOMBI-VANY","LPG","0,050","0,120","0,120","0,120","0,000","0,070","0,070","0,080"
"Lekkie dostawcze - KOMBI VAN","Benzyna (PB)","0,050","0,120","0,120","0,120","0,000","0,070","0,080","0,090"
"Lekkie dostawcze - KOMBI VAN","Diesel (ON)","0,050","0,130","0,130","0,130","0,000","0,120","0,080","0,090"
"Lekkie dostawcze - KOMBI VAN","Benzyna mHEV (PB-mHEV)","0,050","0,120","0,120","0,120","0,000","0,070","0,080","0,090"
"Lekkie dostawcze - KOMBI VAN","Diesel mHEV (ON-mHEV)","0,050","0,130","0,130","0,130","0,000","0,120","0,080","0,090"
"Lekkie dostawcze - KOMBI VAN","Hybryda (HEV)","0,050","0,120","0,120","0,120","0,000","0,070","0,080","0,090"
"Lekkie dostawcze - KOMBI VAN","Plug-in Hybrid (PHEV)","0,050","0,120","0,120","0,120","0,000","0,070","0,080","0,090"
"Lekkie dostawcze - KOMBI VAN","Elektryczny (BEV)","0,050","0,120","0,120","0,120","0,000","0,070","0,080","0,090"
"Lekkie dostawcze - KOMBI VAN","Wodór (FCEV)","0,050","0,120","0,120","0,120","0,000","0,070","0,080","0,090"
"Lekkie dostawcze - KOMBI VAN","LPG","0,050","0,120","0,120","0,120","0,000","0,070","0,080","0,090"
"Lekkie dostawcze - VAN","Benzyna (PB)","0,050","0,100","0,100","0,100","0,000","0,070","0,070","0,070"
"Lekkie dostawcze - VAN","Diesel (ON)","0,050","0,100","0,100","0,100","0,000","0,070","0,070","0,070"
"Lekkie dostawcze - VAN","Benzyna mHEV (PB-mHEV)","0,050","0,100","0,100","0,100","0,000","0,070","0,070","0,070"
"Lekkie dostawcze - VAN","Diesel mHEV (ON-mHEV)","0,050","0,100","0,100","0,100","0,000","0,070","0,070","0,070"
"Lekkie dostawcze - VAN","Hybryda (HEV)","0,050","0,100","0,100","0,100","0,000","0,070","0,070","0,070"
"Lekkie dostawcze - VAN","Plug-in Hybrid (PHEV)","0,050","0,100","0,100","0,100","0,000","0,070","0,070","0,070"
"Lekkie dostawcze - VAN","Elektryczny (BEV)","0,050","0,100","0,100","0,100","0,000","0,070","0,070","0,070"
"Lekkie dostawcze - VAN","Wodór (FCEV)","0,050","0,100","0,100","0,100","0,000","0,070","0,070","0,070"
"Lekkie dostawcze - VAN","LPG","0,050","0,100","0,100","0,100","0,000","0,070","0,070","0,070"
"Minibusy - I MINIBUSY","Benzyna (PB)","0,050","0,000","0,000","0,000","0,000","0,000","0,000","0,000"
"Minibusy - I MINIBUSY","Diesel (ON)","0,050","0,100","0,100","0,100","0,000","0,070","0,080","0,090"
"Minibusy - I MINIBUSY","Benzyna mHEV (PB-mHEV)","0,050","0,000","0,000","0,000","0,000","0,000","0,000","0,000"
"Minibusy - I MINIBUSY","Diesel mHEV (ON-mHEV)","0,050","0,100","0,100","0,100","0,000","0,070","0,080","0,090"
"Minibusy - I MINIBUSY","Hybryda (HEV)","0,050","0,000","0,000","0,000","0,000","0,000","0,000","0,000"
"Minibusy - I MINIBUSY","Plug-in Hybrid (PHEV)","0,050","0,000","0,000","0,000","0,000","0,000","0,000","0,000"
"Minibusy - I MINIBUSY","Elektryczny (BEV)","0,050","0,000","0,000","0,000","0,000","0,000","0,000","0,000"
"Minibusy - I MINIBUSY","Wodór (FCEV)","0,050","0,000","0,000","0,000","0,000","0,000","0,000","0,000"
"Minibusy - I MINIBUSY","LPG","0,050","0,000","0,000","0,000","0,000","0,000","0,000","0,000"
"Pick-up - PICK-UP","Benzyna (PB)","0,050","0,000","0,000","0,000","0,000","0,000","0,000","0,000"
"Pick-up - PICK-UP","Diesel (ON)","0,050","0,120","0,120","0,120","0,000","0,090","0,100","0,080"
"Pick-up - PICK-UP","Benzyna mHEV (PB-mHEV)","0,050","0,000","0,000","0,000","0,000","0,000","0,000","0,000"
"Pick-up - PICK-UP","Diesel mHEV (ON-mHEV)","0,050","0,120","0,120","0,120","0,000","0,090","0,100","0,080"
"Pick-up - PICK-UP","Hybryda (HEV)","0,050","0,000","0,000","0,000","0,000","0,000","0,000","0,000"
"Pick-up - PICK-UP","Plug-in Hybrid (PHEV)","0,050","0,000","0,000","0,000","0,000","0,000","0,000","0,000"
"Pick-up - PICK-UP","Elektryczny (BEV)","0,050","0,000","0,000","0,000","0,000","0,000","0,000","0,000"
"Pick-up - PICK-UP","Wodór (FCEV)","0,050","0,000","0,000","0,000","0,000","0,000","0,000","0,000"
"Pick-up - PICK-UP","LPG","0,050","0,000","0,000","0,000","0,000","0,000","0,000","0,000"
"Podstawowa - A MINI","Benzyna (PB)","0,050","0,120","0,120","0,120","0,000","0,100","0,100","0,110"
"Podstawowa - A MINI","Diesel (ON)","0,050","0,120","0,120","0,120","0,000","0,100","0,100","0,110"
"Podstawowa - A MINI","Benzyna mHEV (PB-mHEV)","0,050","0,120","0,120","0,120","0,000","0,100","0,100","0,110"
"Podstawowa - A MINI","Diesel mHEV (ON-mHEV)","0,050","0,120","0,120","0,120","0,000","0,100","0,100","0,110"
"Podstawowa - A MINI","Hybryda (HEV)","0,050","0,120","0,120","0,120","0,000","0,100","0,100","0,110"
"Podstawowa - A MINI","Plug-in Hybrid (PHEV)","0,050","0,120","0,120","0,120","0,000","0,100","0,100","0,110"
"Podstawowa - A MINI","Elektryczny (BEV)","0,050","0,120","0,120","0,120","0,000","0,100","0,100","0,110"
"Podstawowa - A MINI","Wodór (FCEV)","0,050","0,120","0,120","0,120","0,000","0,100","0,100","0,110"
"Podstawowa - A MINI","LPG","0,050","0,120","0,120","0,120","0,000","0,100","0,100","0,110"
"Podstawowa - B MAŁE","Benzyna (PB)","0,050","0,100","0,100","0,100","0,000","0,090","0,100","0,120"
"Podstawowa - B MAŁE","Diesel (ON)","0,050","0,140","0,140","0,140","0,000","0,100","0,080","0,100"
"Podstawowa - B MAŁE","Benzyna mHEV (PB-mHEV)","0,050","0,100","0,100","0,100","0,000","0,090","0,100","0,120"
"Podstawowa - B MAŁE","Diesel mHEV (ON-mHEV)","0,050","0,140","0,140","0,140","0,000","0,100","0,080","0,100"
"Podstawowa - B MAŁE","Hybryda (HEV)","0,050","0,100","0,100","0,100","0,000","0,090","0,100","0,120"
"Podstawowa - B MAŁE","Plug-in Hybrid (PHEV)","0,050","0,100","0,100","0,100","0,000","0,090","0,100","0,120"
"Podstawowa - B MAŁE","Elektryczny (BEV)","0,050","0,100","0,100","0,100","0,000","0,090","0,100","0,120"
"Podstawowa - B MAŁE","Wodór (FCEV)","0,050","0,100","0,100","0,100","0,000","0,090","0,100","0,120"
"Podstawowa - B MAŁE","LPG","0,050","0,100","0,100","0,100","0,000","0,090","0,100","0,120"
"Podstawowa - C NIŻSZA ŚREDNIA","Benzyna (PB)","0,050","0,120","0,120","0,120","0,000","0,070","0,070","0,070"
"Podstawowa - C NIŻSZA ŚREDNIA","Diesel (ON)","0,050","0,100","0,100","0,100","0,000","0,070","0,070","0,070"
"Podstawowa - C NIŻSZA ŚREDNIA","Benzyna mHEV (PB-mHEV)","0,050","0,120","0,120","0,120","0,000","0,070","0,070","0,070"
"Podstawowa - C NIŻSZA ŚREDNIA","Diesel mHEV (ON-mHEV)","0,050","0,100","0,100","0,100","0,000","0,070","0,070","0,070"
"Podstawowa - C NIŻSZA ŚREDNIA","Hybryda (HEV)","0,050","0,120","0,120","0,120","0,000","0,070","0,070","0,070"
"Podstawowa - C NIŻSZA ŚREDNIA","Plug-in Hybrid (PHEV)","0,050","0,120","0,120","0,120","0,000","0,070","0,070","0,070"
"Podstawowa - C NIŻSZA ŚREDNIA","Elektryczny (BEV)","0,050","0,120","0,120","0,120","0,000","0,070","0,070","0,070"
"Podstawowa - C NIŻSZA ŚREDNIA","Wodór (FCEV)","0,050","0,120","0,120","0,120","0,000","0,070","0,070","0,070"
"Podstawowa - C NIŻSZA ŚREDNIA","LPG","0,050","0,120","0,120","0,120","0,000","0,070","0,070","0,070"
"Podstawowa - D ŚREDNIA","Benzyna (PB)","0,050","0,100","0,100","0,100","0,000","0,120","0,070","0,070"
"Podstawowa - D ŚREDNIA","Diesel (ON)","0,050","0,100","0,100","0,100","0,000","0,070","0,070","0,070"
"Podstawowa - D ŚREDNIA","Benzyna mHEV (PB-mHEV)","0,050","0,100","0,100","0,100","0,000","0,070","0,070","0,070"
"Podstawowa - D ŚREDNIA","Diesel mHEV (ON-mHEV)","0,050","0,100","0,100","0,100","0,000","0,070","0,070","0,070"
"Podstawowa - D ŚREDNIA","Hybryda (HEV)","0,050","0,100","0,100","0,100","0,000","0,070","0,070","0,070"
"Podstawowa - D ŚREDNIA","Plug-in Hybrid (PHEV)","0,050","0,100","0,100","0,100","0,000","0,070","0,070","0,070"
"Podstawowa - D ŚREDNIA","Elektryczny (BEV)","0,050","0,100","0,100","0,100","0,000","0,070","0,070","0,070"
"Podstawowa - D ŚREDNIA","Wodór (FCEV)","0,050","0,100","0,100","0,100","0,000","0,120","0,070","0,070"
"Podstawowa - D ŚREDNIA","LPG","0,050","0,100","0,100","0,100","0,000","0,120","0,070","0,070"
"Podstawowa - E WYŻSZA","Benzyna (PB)","0,050","0,120","0,120","0,120","0,000","0,070","0,080","0,090"
"Podstawowa - E WYŻSZA","Diesel (ON)","0,050","0,120","0,120","0,120","0,000","0,070","0,080","0,090"
"Podstawowa - E WYŻSZA","Benzyna mHEV (PB-mHEV)","0,050","0,120","0,120","0,120","0,000","0,070","0,080","0,090"
"Podstawowa - E WYŻSZA","Diesel mHEV (ON-mHEV)","0,050","0,120","0,120","0,120","0,000","0,070","0,080","0,090"
"Podstawowa - E WYŻSZA","Hybryda (HEV)","0,050","0,120","0,120","0,120","0,000","0,070","0,080","0,090"
"Podstawowa - E WYŻSZA","Plug-in Hybrid (PHEV)","0,050","0,120","0,120","0,120","0,000","0,070","0,080","0,090"
"Podstawowa - E WYŻSZA","Elektryczny (BEV)","0,050","0,120","0,120","0,120","0,000","0,070","0,080","0,090"
"Podstawowa - E WYŻSZA","Wodór (FCEV)","0,050","0,120","0,120","0,120","0,000","0,070","0,080","0,090"
"Podstawowa - E WYŻSZA","LPG","0,050","0,120","0,120","0,120","0,000","0,070","0,080","0,090"
"Podstawowa - F LUKSUSOWE","Benzyna (PB)","0,050","0,110","0,120","0,120","0,000","0,060","0,080","0,080"
"Podstawowa - F LUKSUSOWE","Diesel (ON)","0,050","0,100","0,100","0,100","0,000","0,060","0,080","0,080"
"Podstawowa - F LUKSUSOWE","Benzyna mHEV (PB-mHEV)","0,050","0,110","0,120","0,120","0,000","0,060","0,080","0,080"
"Podstawowa - F LUKSUSOWE","Diesel mHEV (ON-mHEV)","0,050","0,100","0,100","0,100","0,000","0,060","0,080","0,080"
"Podstawowa - F LUKSUSOWE","Hybryda (HEV)","0,050","0,110","0,120","0,120","0,000","0,060","0,080","0,080"
"Podstawowa - F LUKSUSOWE","Plug-in Hybrid (PHEV)","0,050","0,110","0,120","0,120","0,000","0,060","0,080","0,080"
"Podstawowa - F LUKSUSOWE","Elektryczny (BEV)","0,050","0,110","0,120","0,120","0,000","0,060","0,080","0,080"
"Podstawowa - F LUKSUSOWE","Wodór (FCEV)","0,050","0,110","0,120","0,120","0,000","0,060","0,080","0,080"
"Podstawowa - F LUKSUSOWE","LPG","0,050","0,110","0,120","0,120","0,000","0,060","0,080","0,080"
"Podstawowa - G SUPER LUKSUSOWE","Benzyna (PB)","0,050","0,120","0,120","0,120","0,000","0,070","0,070","0,070"
"Podstawowa - G SUPER LUKSUSOWE","Diesel (ON)","0,050","0,120","0,120","0,120","0,000","0,070","0,070","0,070"
"Podstawowa - G SUPER LUKSUSOWE","Benzyna mHEV (PB-mHEV)","0,050","0,120","0,120","0,120","0,000","0,070","0,070","0,070"
"Podstawowa - G SUPER LUKSUSOWE","Diesel mHEV (ON-mHEV)","0,050","0,120","0,120","0,120","0,000","0,070","0,070","0,070"
"Podstawowa - G SUPER LUKSUSOWE","Hybryda (HEV)","0,050","0,120","0,120","0,120","0,000","0,070","0,070","0,070"
"Podstawowa - G SUPER LUKSUSOWE","Plug-in Hybrid (PHEV)","0,050","0,120","0,120","0,120","0,000","0,070","0,070","0,070"
"Podstawowa - G SUPER LUKSUSOWE","Elektryczny (BEV)","0,050","0,120","0,120","0,120","0,000","0,070","0,070","0,070"
"Podstawowa - G SUPER LUKSUSOWE","Wodór (FCEV)","0,050","0,120","0,120","0,120","0,000","0,070","0,070","0,070"
"Podstawowa - G SUPER LUKSUSOWE","LPG","0,050","0,120","0,120","0,120","0,000","0,070","0,070","0,070"
"Sportowo-rekreacyjne - A MINI","Benzyna (PB)","0,050","0,120","0,120","0,120","0,000","0,070","0,070","0,070"
"Sportowo-rekreacyjne - A MINI","Diesel (ON)","0,050","0,120","0,120","0,120","0,000","0,070","0,070","0,070"
"Sportowo-rekreacyjne - A MINI","Benzyna mHEV (PB-mHEV)","0,050","0,120","0,120","0,120","0,000","0,070","0,070","0,070"
"Sportowo-rekreacyjne - A MINI","Diesel mHEV (ON-mHEV)","0,050","0,120","0,120","0,120","0,000","0,070","0,070","0,070"
"Sportowo-rekreacyjne - A MINI","Hybryda (HEV)","0,050","0,120","0,120","0,120","0,000","0,070","0,070","0,070"
"Sportowo-rekreacyjne - A MINI","Plug-in Hybrid (PHEV)","0,050","0,120","0,120","0,120","0,000","0,070","0,070","0,070"
"Sportowo-rekreacyjne - A MINI","Elektryczny (BEV)","0,050","0,120","0,120","0,120","0,000","0,070","0,070","0,070"
"Sportowo-rekreacyjne - A MINI","Wodór (FCEV)","0,050","0,120","0,120","0,120","0,000","0,070","0,070","0,070"
"Sportowo-rekreacyjne - A MINI","LPG","0,050","0,120","0,120","0,120","0,000","0,070","0,070","0,070"
"Sportowo-rekreacyjne - B MAŁE","Benzyna (PB)","0,050","0,120","0,120","0,120","0,000","0,070","0,070","0,070"
"Sportowo-rekreacyjne - B MAŁE","Diesel (ON)","0,050","0,120","0,120","0,120","0,000","0,070","0,070","0,070"
"Sportowo-rekreacyjne - B MAŁE","Benzyna mHEV (PB-mHEV)","0,050","0,120","0,120","0,120","0,000","0,070","0,070","0,070"
"Sportowo-rekreacyjne - B MAŁE","Diesel mHEV (ON-mHEV)","0,050","0,120","0,120","0,120","0,000","0,070","0,070","0,070"
"Sportowo-rekreacyjne - B MAŁE","Hybryda (HEV)","0,050","0,120","0,120","0,120","0,000","0,070","0,070","0,070"
"Sportowo-rekreacyjne - B MAŁE","Plug-in Hybrid (PHEV)","0,050","0,120","0,120","0,120","0,000","0,070","0,070","0,070"
"Sportowo-rekreacyjne - B MAŁE","Elektryczny (BEV)","0,050","0,120","0,120","0,120","0,000","0,070","0,070","0,070"
"Sportowo-rekreacyjne - B MAŁE","Wodór (FCEV)","0,050","0,120","0,120","0,120","0,000","0,070","0,070","0,070"
"Sportowo-rekreacyjne - B MAŁE","LPG","0,050","0,120","0,120","0,120","0,000","0,070","0,070","0,070"
"Sportowo-rekreacyjne - C NIŻSZA ŚREDNIA","Benzyna (PB)","0,050","0,120","0,120","0,120","0,000","0,070","0,070","0,070"
"Sportowo-rekreacyjne - C NIŻSZA ŚREDNIA","Diesel (ON)","0,050","0,120","0,120","0,120","0,000","0,070","0,070","0,070"
"Sportowo-rekreacyjne - C NIŻSZA ŚREDNIA","Benzyna mHEV (PB-mHEV)","0,050","0,120","0,120","0,120","0,000","0,070","0,070","0,070"
"Sportowo-rekreacyjne - C NIŻSZA ŚREDNIA","Diesel mHEV (ON-mHEV)","0,050","0,120","0,120","0,120","0,000","0,070","0,070","0,070"
"Sportowo-rekreacyjne - C NIŻSZA ŚREDNIA","Hybryda (HEV)","0,050","0,120","0,120","0,120","0,000","0,070","0,070","0,070"
"Sportowo-rekreacyjne - C NIŻSZA ŚREDNIA","Plug-in Hybrid (PHEV)","0,050","0,120","0,120","0,120","0,000","0,070","0,070","0,070"
"Sportowo-rekreacyjne - C NIŻSZA ŚREDNIA","Elektryczny (BEV)","0,050","0,120","0,120","0,120","0,000","0,070","0,070","0,070"
"Sportowo-rekreacyjne - C NIŻSZA ŚREDNIA","Wodór (FCEV)","0,050","0,120","0,120","0,120","0,000","0,070","0,070","0,070"
"Sportowo-rekreacyjne - C NIŻSZA ŚREDNIA","LPG","0,050","0,120","0,120","0,120","0,000","0,070","0,070","0,070"
"Sportowo-rekreacyjne - D ŚREDNIA","Benzyna (PB)","0,050","0,120","0,120","0,120","0,000","0,070","0,070","0,070"
"Sportowo-rekreacyjne - D ŚREDNIA","Diesel (ON)","0,050","0,120","0,120","0,120","0,000","0,070","0,070","0,070"
"Sportowo-rekreacyjne - D ŚREDNIA","Benzyna mHEV (PB-mHEV)","0,050","0,120","0,120","0,120","0,000","0,070","0,070","0,070"
"Sportowo-rekreacyjne - D ŚREDNIA","Diesel mHEV (ON-mHEV)","0,050","0,120","0,120","0,120","0,000","0,070","0,070","0,070"
"Sportowo-rekreacyjne - D ŚREDNIA","Hybryda (HEV)","0,050","0,120","0,120","0,120","0,000","0,070","0,070","0,070"
"Sportowo-rekreacyjne - D ŚREDNIA","Plug-in Hybrid (PHEV)","0,050","0,120","0,120","0,120","0,000","0,070","0,070","0,070"
"Sportowo-rekreacyjne - D ŚREDNIA","Elektryczny (BEV)","0,050","0,120","0,120","0,120","0,000","0,070","0,070","0,070"
"Sportowo-rekreacyjne - D ŚREDNIA","Wodór (FCEV)","0,050","0,120","0,120","0,120","0,000","0,070","0,070","0,070"
"Sportowo-rekreacyjne - D ŚREDNIA","LPG","0,050","0,120","0,120","0,120","0,000","0,070","0,070","0,070"
"Sportowo-rekreacyjne - E WYŻSZA","Benzyna (PB)","0,050","0,120","0,120","0,120","0,000","0,070","0,070","0,070"
"Sportowo-rekreacyjne - E WYŻSZA","Diesel (ON)","0,050","0,120","0,120","0,120","0,000","0,070","0,070","0,070"
"Sportowo-rekreacyjne - E WYŻSZA","Benzyna mHEV (PB-mHEV)","0,050","0,120","0,120","0,120","0,000","0,070","0,070","0,070"
"Sportowo-rekreacyjne - E WYŻSZA","Diesel mHEV (ON-mHEV)","0,050","0,120","0,120","0,120","0,000","0,070","0,070","0,070"
"Sportowo-rekreacyjne - E WYŻSZA","Hybryda (HEV)","0,050","0,120","0,120","0,120","0,000","0,070","0,070","0,070"
"Sportowo-rekreacyjne - E WYŻSZA","Plug-in Hybrid (PHEV)","0,050","0,120","0,120","0,120","0,000","0,070","0,070","0,070"
"Sportowo-rekreacyjne - E WYŻSZA","Elektryczny (BEV)","0,050","0,120","0,120","0,120","0,000","0,070","0,070","0,070"
"Sportowo-rekreacyjne - E WYŻSZA","Wodór (FCEV)","0,050","0,120","0,120","0,120","0,000","0,070","0,070","0,070"
"Sportowo-rekreacyjne - E WYŻSZA","LPG","0,050","0,120","0,120","0,120","0,000","0,070","0,070","0,070"
"Sportowo-rekreacyjne - F LUKSUSOWE","Benzyna (PB)","0,050","0,120","0,120","0,120","0,000","0,070","0,070","0,070"
"Sportowo-rekreacyjne - F LUKSUSOWE","Diesel (ON)","0,050","0,120","0,120","0,120","0,000","0,070","0,070","0,070"
"Sportowo-rekreacyjne - F LUKSUSOWE","Benzyna mHEV (PB-mHEV)","0,050","0,120","0,120","0,120","0,000","0,070","0,070","0,070"
"Sportowo-rekreacyjne - F LUKSUSOWE","Diesel mHEV (ON-mHEV)","0,050","0,120","0,120","0,120","0,000","0,070","0,070","0,070"
"Sportowo-rekreacyjne - F LUKSUSOWE","Hybryda (HEV)","0,050","0,120","0,120","0,120","0,000","0,070","0,070","0,070"
"Sportowo-rekreacyjne - F LUKSUSOWE","Plug-in Hybrid (PHEV)","0,050","0,120","0,120","0,120","0,000","0,070","0,070","0,070"
"Sportowo-rekreacyjne - F LUKSUSOWE","Elektryczny (BEV)","0,050","0,120","0,120","0,120","0,000","0,070","0,070","0,070"
"Sportowo-rekreacyjne - F LUKSUSOWE","Wodór (FCEV)","0,050","0,120","0,120","0,120","0,000","0,070","0,070","0,070"
"Sportowo-rekreacyjne - F LUKSUSOWE","LPG","0,050","0,120","0,120","0,120","0,000","0,070","0,070","0,070"
"Sportowo-rekreacyjne - G SUPER LUKSUSOWE","Benzyna (PB)","0,050","0,120","0,120","0,120","0,000","0,070","0,070","0,070"
"Sportowo-rekreacyjne - G SUPER LUKSUSOWE","Diesel (ON)","0,050","0,120","0,120","0,120","0,000","0,070","0,070","0,070"
"Sportowo-rekreacyjne - G SUPER LUKSUSOWE","Benzyna mHEV (PB-mHEV)","0,050","0,120","0,120","0,120","0,000","0,070","0,070","0,070"
"Sportowo-rekreacyjne - G SUPER LUKSUSOWE","Diesel mHEV (ON-mHEV)","0,050","0,120","0,120","0,120","0,000","0,070","0,070","0,070"
"Sportowo-rekreacyjne - G SUPER LUKSUSOWE","Hybryda (HEV)","0,050","0,120","0,120","0,120","0,000","0,070","0,070","0,070"
"Sportowo-rekreacyjne - G SUPER LUKSUSOWE","Plug-in Hybrid (PHEV)","0,050","0,120","0,120","0,120","0,000","0,070","0,070","0,070"
"Sportowo-rekreacyjne - G SUPER LUKSUSOWE","Elektryczny (BEV)","0,050","0,120","0,120","0,120","0,000","0,070","0,070","0,070"
"Sportowo-rekreacyjne - G SUPER LUKSUSOWE","Wodór (FCEV)","0,050","0,120","0,120","0,120","0,000","0,070","0,070","0,070"
"Sportowo-rekreacyjne - G SUPER LUKSUSOWE","LPG","0,050","0,120","0,120","0,120","0,000","0,070","0,070","0,070"
"Średnie dostawcze - ŚREDNIE DOSTAWCZE","Benzyna (PB)","0,050","0,100","0,100","0,100","0,000","0,070","0,070","0,070"
"Średnie dostawcze - ŚREDNIE DOSTAWCZE","Diesel (ON)","0,050","0,100","0,100","0,100","0,000","0,070","0,070","0,070"
"Średnie dostawcze - ŚREDNIE DOSTAWCZE","Benzyna mHEV (PB-mHEV)","0,050","0,100","0,100","0,100","0,000","0,070","0,070","0,070"
"Średnie dostawcze - ŚREDNIE DOSTAWCZE","Diesel mHEV (ON-mHEV)","0,050","0,100","0,100","0,100","0,000","0,070","0,070","0,070"
"Średnie dostawcze - ŚREDNIE DOSTAWCZE","Hybryda (HEV)","0,050","0,100","0,100","0,100","0,000","0,070","0,070","0,070"
"Średnie dostawcze - ŚREDNIE DOSTAWCZE","Plug-in Hybrid (PHEV)","0,050","0,100","0,100","0,100","0,000","0,070","0,070","0,070"
"Średnie dostawcze - ŚREDNIE DOSTAWCZE","Elektryczny (BEV)","0,050","0,100","0,100","0,100","0,000","0,070","0,070","0,070"
"Średnie dostawcze - ŚREDNIE DOSTAWCZE","Wodór (FCEV)","0,050","0,100","0,100","0,100","0,000","0,070","0,070","0,070"
"Średnie dostawcze - ŚREDNIE DOSTAWCZE","LPG","0,050","0,100","0,100","0,100","0,000","0,070","0,070","0,070"
"Terenowo-rekreacyjne (SUV) - B MAŁE","Benzyna (PB)","0,050","0,120","0,110","0,180","0,000","0,090","0,100","0,110"
"Terenowo-rekreacyjne (SUV) - B MAŁE","Diesel (ON)","0,050","0,110","0,110","0,110","0,000","0,090","0,100","0,110"
"Terenowo-rekreacyjne (SUV) - B MAŁE","Benzyna mHEV (PB-mHEV)","0,050","0,120","0,110","0,180","0,000","0,090","0,100","0,110"
"Terenowo-rekreacyjne (SUV) - B MAŁE","Diesel mHEV (ON-mHEV)","0,050","0,110","0,110","0,110","0,000","0,090","0,100","0,110"
"Terenowo-rekreacyjne (SUV) - B MAŁE","Hybryda (HEV)","0,050","0,120","0,110","0,180","0,000","0,090","0,100","0,110"
"Terenowo-rekreacyjne (SUV) - B MAŁE","Plug-in Hybrid (PHEV)","0,050","0,120","0,110","0,180","0,000","0,090","0,100","0,110"
"Terenowo-rekreacyjne (SUV) - B MAŁE","Elektryczny (BEV)","0,050","0,120","0,110","0,180","0,000","0,090","0,100","0,110"
"Terenowo-rekreacyjne (SUV) - B MAŁE","Wodór (FCEV)","0,050","0,120","0,110","0,180","0,000","0,090","0,100","0,110"
"Terenowo-rekreacyjne (SUV) - B MAŁE","LPG","0,050","0,120","0,110","0,180","0,000","0,090","0,100","0,110"
"Terenowo-rekreacyjne (SUV) - C NIŻSZA ŚREDNIA","Benzyna (PB)","0,050","0,100","0,100","0,100","0,000","0,050","0,050","0,050"
"Terenowo-rekreacyjne (SUV) - C NIŻSZA ŚREDNIA","Diesel (ON)","0,050","0,100","0,100","0,100","0,000","0,070","0,070","0,070"
"Terenowo-rekreacyjne (SUV) - C NIŻSZA ŚREDNIA","Benzyna mHEV (PB-mHEV)","0,050","0,100","0,100","0,100","0,000","0,050","0,050","0,050"
"Terenowo-rekreacyjne (SUV) - C NIŻSZA ŚREDNIA","Diesel mHEV (ON-mHEV)","0,050","0,100","0,100","0,100","0,000","0,070","0,070","0,070"
"Terenowo-rekreacyjne (SUV) - C NIŻSZA ŚREDNIA","Hybryda (HEV)","0,050","0,100","0,100","0,100","0,000","0,050","0,050","0,050"
"Terenowo-rekreacyjne (SUV) - C NIŻSZA ŚREDNIA","Plug-in Hybrid (PHEV)","0,050","0,100","0,100","0,100","0,000","0,050","0,050","0,050"
"Terenowo-rekreacyjne (SUV) - C NIŻSZA ŚREDNIA","Elektryczny (BEV)","0,050","0,100","0,100","0,100","0,000","0,050","0,050","0,050"
"Terenowo-rekreacyjne (SUV) - C NIŻSZA ŚREDNIA","Wodór (FCEV)","0,050","0,100","0,100","0,100","0,000","0,050","0,050","0,050"
"Terenowo-rekreacyjne (SUV) - C NIŻSZA ŚREDNIA","LPG","0,050","0,100","0,100","0,100","0,000","0,050","0,050","0,050"
"Terenowo-rekreacyjne (SUV) - D ŚREDNIA","Benzyna (PB)","0,050","0,080","0,080","0,080","0,000","0,050","0,050","0,050"
"Terenowo-rekreacyjne (SUV) - D ŚREDNIA","Diesel (ON)","0,050","0,100","0,100","0,100","0,000","0,040","0,040","0,040"
"Terenowo-rekreacyjne (SUV) - D ŚREDNIA","Benzyna mHEV (PB-mHEV)","0,050","0,080","0,080","0,080","0,000","0,050","0,050","0,050"
"Terenowo-rekreacyjne (SUV) - D ŚREDNIA","Diesel mHEV (ON-mHEV)","0,050","0,100","0,100","0,100","0,000","0,040","0,040","0,040"
"Terenowo-rekreacyjne (SUV) - D ŚREDNIA","Hybryda (HEV)","0,050","0,080","0,080","0,080","0,000","0,050","0,050","0,050"
"Terenowo-rekreacyjne (SUV) - D ŚREDNIA","Plug-in Hybrid (PHEV)","0,050","0,080","0,080","0,080","0,000","0,050","0,050","0,050"
"Terenowo-rekreacyjne (SUV) - D ŚREDNIA","Elektryczny (BEV)","0,050","0,080","0,080","0,080","0,000","0,050","0,050","0,050"
"Terenowo-rekreacyjne (SUV) - D ŚREDNIA","Wodór (FCEV)","0,050","0,080","0,080","0,080","0,000","0,050","0,050","0,050"
"Terenowo-rekreacyjne (SUV) - D ŚREDNIA","LPG","0,050","0,080","0,080","0,080","0,000","0,050","0,050","0,050"
"Terenowo-rekreacyjne (SUV) - E WYŻSZA","Benzyna (PB)","0,050","0,110","0,110","0,110","0,000","0,070","0,070","0,080"
"Terenowo-rekreacyjne (SUV) - E WYŻSZA","Diesel (ON)","0,050","0,120","0,120","0,120","0,000","0,110","0,070","0,080"
"Terenowo-rekreacyjne (SUV) - E WYŻSZA","Benzyna mHEV (PB-mHEV)","0,050","0,110","0,110","0,110","0,000","0,070","0,070","0,080"
"Terenowo-rekreacyjne (SUV) - E WYŻSZA","Diesel mHEV (ON-mHEV)","0,050","0,120","0,120","0,120","0,000","0,110","0,070","0,080"
"Terenowo-rekreacyjne (SUV) - E WYŻSZA","Hybryda (HEV)","0,050","0,110","0,110","0,110","0,000","0,070","0,070","0,080"
"Terenowo-rekreacyjne (SUV) - E WYŻSZA","Plug-in Hybrid (PHEV)","0,050","0,110","0,110","0,110","0,000","0,070","0,070","0,080"
"Terenowo-rekreacyjne (SUV) - E WYŻSZA","Elektryczny (BEV)","0,050","0,110","0,110","0,110","0,000","0,070","0,070","0,080"
"Terenowo-rekreacyjne (SUV) - E WYŻSZA","Wodór (FCEV)","0,050","0,110","0,110","0,110","0,000","0,070","0,070","0,080"
"Terenowo-rekreacyjne (SUV) - E WYŻSZA","LPG","0,050","0,110","0,110","0,110","0,000","0,070","0,070","0,080"
"Terenowo-rekreacyjne (SUV) - F LUKSUSOWE","Benzyna (PB)","0,050","0,120","0,120","0,120","0,000","0,050","0,060","0,070"
"Terenowo-rekreacyjne (SUV) - F LUKSUSOWE","Diesel (ON)","0,050","0,110","0,110","0,110","0,000","0,050","0,060","0,070"
"Terenowo-rekreacyjne (SUV) - F LUKSUSOWE","Benzyna mHEV (PB-mHEV)","0,050","0,120","0,120","0,120","0,000","0,050","0,060","0,070"
"Terenowo-rekreacyjne (SUV) - F LUKSUSOWE","Diesel mHEV (ON-mHEV)","0,050","0,110","0,110","0,110","0,000","0,050","0,060","0,070"
"Terenowo-rekreacyjne (SUV) - F LUKSUSOWE","Hybryda (HEV)","0,050","0,120","0,120","0,120","0,000","0,050","0,060","0,070"
"Terenowo-rekreacyjne (SUV) - F LUKSUSOWE","Plug-in Hybrid (PHEV)","0,050","0,120","0,120","0,120","0,000","0,050","0,060","0,070"
"Terenowo-rekreacyjne (SUV) - F LUKSUSOWE","Elektryczny (BEV)","0,050","0,120","0,120","0,120","0,000","0,050","0,060","0,070"
"Terenowo-rekreacyjne (SUV) - F LUKSUSOWE","Wodór (FCEV)","0,050","0,120","0,120","0,120","0,000","0,050","0,060","0,070"
"Terenowo-rekreacyjne (SUV) - F LUKSUSOWE","LPG","0,050","0,120","0,120","0,120","0,000","0,050","0,060","0,070"
"Terenowo-rekreacyjne (SUV) - G SUPER LUKSUSOWE","Benzyna (PB)","0,050","0,100","0,100","0,100","0,000","0,050","0,050","0,050"
"Terenowo-rekreacyjne (SUV) - G SUPER LUKSUSOWE","Diesel (ON)","0,050","0,100","0,100","0,100","0,000","0,050","0,050","0,050"
"Terenowo-rekreacyjne (SUV) - G SUPER LUKSUSOWE","Benzyna mHEV (PB-mHEV)","0,050","0,100","0,100","0,100","0,000","0,050","0,050","0,050"
"Terenowo-rekreacyjne (SUV) - G SUPER LUKSUSOWE","Diesel mHEV (ON-mHEV)","0,050","0,100","0,100","0,100","0,000","0,050","0,050","0,050"
"Terenowo-rekreacyjne (SUV) - G SUPER LUKSUSOWE","Hybryda (HEV)","0,050","0,100","0,100","0,100","0,000","0,050","0,050","0,050"
"Terenowo-rekreacyjne (SUV) - G SUPER LUKSUSOWE","Plug-in Hybrid (PHEV)","0,050","0,100","0,100","0,100","0,000","0,050","0,050","0,050"
"Terenowo-rekreacyjne (SUV) - G SUPER LUKSUSOWE","Elektryczny (BEV)","0,050","0,100","0,100","0,100","0,000","0,050","0,050","0,050"
"Terenowo-rekreacyjne (SUV) - G SUPER LUKSUSOWE","Wodór (FCEV)","0,050","0,100","0,100","0,100","0,000","0,050","0,050","0,050"
"Terenowo-rekreacyjne (SUV) - G SUPER LUKSUSOWE","LPG","0,050","0,100","0,100","0,100","0,000","0,050","0,050","0,050"
"Vany - B MICROVANY","Benzyna (PB)","0,050","0,100","0,100","0,100","0,000","0,070","0,070","0,070"
"Vany - B MICROVANY","Diesel (ON)","0,050","0,100","0,100","0,100","0,000","0,070","0,070","0,070"
"Vany - B MICROVANY","Benzyna mHEV (PB-mHEV)","0,050","0,100","0,100","0,100","0,000","0,070","0,070","0,070"
"Vany - B MICROVANY","Diesel mHEV (ON-mHEV)","0,050","0,100","0,100","0,100","0,000","0,070","0,070","0,070"
"Vany - B MICROVANY","Hybryda (HEV)","0,050","0,100","0,100","0,100","0,000","0,070","0,070","0,070"
"Vany - B MICROVANY","Plug-in Hybrid (PHEV)","0,050","0,100","0,100","0,100","0,000","0,070","0,070","0,070"
"Vany - B MICROVANY","Elektryczny (BEV)","0,050","0,100","0,100","0,100","0,000","0,070","0,070","0,070"
"Vany - B MICROVANY","Wodór (FCEV)","0,050","0,100","0,100","0,100","0,000","0,070","0,070","0,070"
"Vany - B MICROVANY","LPG","0,050","0,100","0,100","0,100","0,000","0,070","0,070","0,070"
"Vany - C MINIVANY","Benzyna (PB)","0,050","0,100","0,100","0,100","0,000","0,070","0,070","0,070"
"Vany - C MINIVANY","Diesel (ON)","0,050","0,100","0,100","0,100","0,000","0,070","0,070","0,070"
"Vany - C MINIVANY","Benzyna mHEV (PB-mHEV)","0,050","0,100","0,100","0,100","0,000","0,070","0,070","0,070"
"Vany - C MINIVANY","Diesel mHEV (ON-mHEV)","0,050","0,100","0,100","0,100","0,000","0,070","0,070","0,070"
"Vany - C MINIVANY","Hybryda (HEV)","0,050","0,100","0,100","0,100","0,000","0,070","0,070","0,070"
"Vany - C MINIVANY","Plug-in Hybrid (PHEV)","0,050","0,100","0,100","0,100","0,000","0,070","0,070","0,070"
"Vany - C MINIVANY","Elektryczny (BEV)","0,050","0,100","0,100","0,100","0,000","0,070","0,070","0,070"
"Vany - C MINIVANY","Wodór (FCEV)","0,050","0,100","0,100","0,100","0,000","0,070","0,070","0,070"
"Vany - C MINIVANY","LPG","0,050","0,100","0,100","0,100","0,000","0,070","0,070","0,070"
"Vany - D VANY","Benzyna (PB)","0,050","0,100","0,100","0,100","0,000","0,070","0,070","0,070"
"Vany - D VANY","Diesel (ON)","0,050","0,100","0,100","0,100","0,000","0,070","0,070","0,070"
"Vany - D VANY","Benzyna mHEV (PB-mHEV)","0,050","0,100","0,100","0,100","0,000","0,070","0,070","0,070"
"Vany - D VANY","Diesel mHEV (ON-mHEV)","0,050","0,100","0,100","0,100","0,000","0,070","0,070","0,070"
"Vany - D VANY","Hybryda (HEV)","0,050","0,100","0,100","0,100","0,000","0,070","0,070","0,070"
"Vany - D VANY","Plug-in Hybrid (PHEV)","0,050","0,100","0,100","0,100","0,000","0,070","0,070","0,070"
"Vany - D VANY","Elektryczny (BEV)","0,050","0,100","0,100","0,100","0,000","0,070","0,070","0,070"
"Vany - D VANY","Wodór (FCEV)","0,050","0,100","0,100","0,100","0,000","0,070","0,070","0,070"
"Vany - D VANY","LPG","0,050","0,100","0,100","0,100","0,000","0,070","0,070","0,070"
"Vany - E WYŻSZA","Benzyna (PB)","0,050","0,100","0,100","0,100","0,000","0,070","0,070","0,070"
"Vany - E WYŻSZA","Diesel (ON)","0,050","0,100","0,100","0,100","0,000","0,070","0,070","0,070"
"Vany - E WYŻSZA","Benzyna mHEV (PB-mHEV)","0,050","0,100","0,100","0,100","0,000","0,070","0,070","0,070"
"Vany - E WYŻSZA","Diesel mHEV (ON-mHEV)","0,050","0,100","0,100","0,100","0,000","0,070","0,070","0,070"
"Vany - E WYŻSZA","Hybryda (HEV)","0,050","0,100","0,100","0,100","0,000","0,070","0,070","0,070"
"Vany - E WYŻSZA","Plug-in Hybrid (PHEV)","0,050","0,100","0,100","0,100","0,000","0,070","0,070","0,070"
"Vany - E WYŻSZA","Elektryczny (BEV)","0,050","0,100","0,100","0,100","0,000","0,070","0,070","0,070"
"Vany - E WYŻSZA","Wodór (FCEV)","0,050","0,100","0,100","0,100","0,000","0,070","0,070","0,070"
"Vany - E WYŻSZA","LPG","0,050","0,100","0,100","0,100","0,000","0,070","0,070","0,070"
"Vany - F LUKSUSOWE","Benzyna (PB)","0,050","0,100","0,100","0,100","0,000","0,070","0,070","0,070"
"Vany - F LUKSUSOWE","Diesel (ON)","0,050","0,100","0,100","0,100","0,000","0,070","0,070","0,070"
"Vany - F LUKSUSOWE","Benzyna mHEV (PB-mHEV)","0,050","0,100","0,100","0,100","0,000","0,070","0,070","0,070"
"Vany - F LUKSUSOWE","Diesel mHEV (ON-mHEV)","0,050","0,100","0,100","0,100","0,000","0,070","0,070","0,070"
"Vany - F LUKSUSOWE","Hybryda (HEV)","0,050","0,100","0,100","0,100","0,000","0,070","0,070","0,070"
"Vany - F LUKSUSOWE","Plug-in Hybrid (PHEV)","0,050","0,100","0,100","0,100","0,000","0,070","0,070","0,070"
"Vany - F LUKSUSOWE","Elektryczny (BEV)","0,050","0,100","0,100","0,100","0,000","0,070","0,070","0,070"
"Vany - F LUKSUSOWE","Wodór (FCEV)","0,050","0,100","0,100","0,100","0,000","0,070","0,070","0,070"
"Vany - F LUKSUSOWE","LPG","0,050","0,100","0,100","0,100","0,000","0,070","0,070","0,070"