Klasa SAMAR (FK),przebieg_do,stawka_aso_per_km,stawka_non_aso_per_km
Lekkie dostawcze - KOMBI VAN,30000,"0,0304","0,0275"
Lekkie dostawcze - KOMBI VAN,60000,"0,0505","0,0461"
Lekkie dostawcze - KOMBI VAN,90000,"0,0581","0,0528"
Lekkie dostawcze - KOMBI VAN,120000,"0,0596","0,0544"
Lekkie dostawcze - KOMBI VAN,150000,"0,0623","0,057"
Lekkie dostawcze - VAN,30000,"0,0304","0,0275"
Lekkie dostawcze - VAN,60000,"0,0505","0,0461"
Lekkie dostawcze - VAN,90000,"0,0581","0,0528"
Lekkie dostawcze - VAN,120000,"0,0596","0,0544"
Lekkie dostawcze - VAN,150000,"0,0623","0,057"
Pick-up - PICK-UP,30000,"0,0304","0,0275"
Pick-up - PICK-UP,60000,"0,0505","0,0461"
Pick-up - PICK-UP,90000,"0,0581","0,0528"
Pick-up - PICK-UP,120000,"0,0596","0,0544"
Pick-up - PICK-UP,150000,"0,0623","0,057"
Średnie dostawcze - ŚREDNIE DOSTAWCZE,30000,"0,0304","0,0275"
Średnie dostawcze - ŚREDNIE DOSTAWCZE,60000,"0,0505","0,0461"
Średnie dostawcze - ŚREDNIE DOSTAWCZE,90000,"0,0581","0,0528"
Średnie dostawcze - ŚREDNIE DOSTAWCZE,120000,"0,0596","0,0544"
Średnie dostawcze - ŚREDNIE DOSTAWCZE,150000,"0,0623","0,057"
Ciężkie dostawcze - CIĘŻKIE DOSTAWCZE,30000,"0,0304","0,0275"
Ciężkie dostawcze - CIĘŻKIE DOSTAWCZE,60000,"0,0505","0,0461"
Ciężkie dostawcze - CIĘŻKIE DOSTAWCZE,90000,"0,0581","0,0528"
Ciężkie dostawcze - CIĘŻKIE DOSTAWCZE,120000,"0,0596","0,0544"
Ciężkie dostawcze - CIĘŻKIE DOSTAWCZE,150000,"0,0623","0,057"
Autobusy - AUTOBUSY,30000,"0,0304","0,0275"
Autobusy - AUTOBUSY,60000,"0,0505","0,0461"
Autobusy - AUTOBUSY,90000,"0,0581","0,0528"
Autobusy - AUTOBUSY,120000,"0,0596","0,0544"
Autobusy - AUTOBUSY,150000,"0,0623","0,057"
Podstawowa - A MINI,30000,"0,0304","0,0275"
Podstawowa - A MINI,60000,"0,0505","0,0461"
Podstawowa - A MINI,90000,"0,0581","0,0528"
Podstawowa - A MINI,120000,"0,0596","0,0544"
Podstawowa - A MINI,150000,"0,0623","0,057"
Podstawowa - B MAŁE,30000,"0,0304","0,0275"
Podstawowa - B MAŁE,60000,"0,0505","0,0461"
Podstawowa - B MAŁE,90000,"0,0581","0,0528"
Podstawowa - B MAŁE,120000,"0,0596","0,0544"
Podstawowa - B MAŁE,150000,"0,0623","0,057"
Podstawowa - C NIŻSZA ŚREDNIA,30000,"0,0304","0,0275"
Podstawowa - C NIŻSZA ŚREDNIA,60000,"0,0505","0,0461"
Podstawowa - C NIŻSZA ŚREDNIA,90000,"0,0581","0,0528"
Podstawowa - C NIŻSZA ŚREDNIA,120000,"0,0596","0,0544"
Podstawowa - C NIŻSZA ŚREDNIA,150000,"0,0623","0,057"
Podstawowa - D ŚREDNIA,30000,"0,0304","0,0275"
Podstawowa - D ŚREDNIA,60000,"0,0505","0,0461"
Podstawowa - D ŚREDNIA,90000,"0,0581","0,0528"
Podstawowa - D ŚREDNIA,120000,"0,0596","0,0544"
Podstawowa - D ŚREDNIA,150000,"0,0623","0,057"
Podstawowa - E WYŻSZA,30000,"0,0304","0,0275"
Podstawowa - E WYŻSZA,60000,"0,0505","0,0461"
Podstawowa - E WYŻSZA,90000,"0,0581","0,0528"
Podstawowa - E WYŻSZA,120000,"0,0596","0,0544"
Podstawowa - E WYŻSZA,150000,"0,0623","0,057"
Podstawowa - F LUKSUSOWE,30000,"0,0304","0,0275"
Podstawowa - F LUKSUSOWE,60000,"0,0505","0,0461"
Podstawowa - F LUKSUSOWE,90000,"0,0581","0,0528"
Podstawowa - F LUKSUSOWE,120000,"0,0596","0,0544"
Podstawowa - F LUKSUSOWE,150000,"0,0623","0,057"
Podstawowa - G SUPER LUKSUSOWE,30000,"0,0304","0,0275"
Podstawowa - G SUPER LUKSUSOWE,60000,"0,0505","0,0461"
Podstawowa - G SUPER LUKSUSOWE,90000,"0,0581","0,0528"
Podstawowa - G SUPER LUKSUSOWE,120000,"0,0596","0,0544"
Podstawowa - G SUPER LUKSUSOWE,150000,"0,0623","0,057"
Vany - B MICROVANY,30000,"0,0304","0,0275"
Vany - B MICROVANY,60000,"0,0505","0,0461"
Vany - B MICROVANY,90000,"0,0581","0,0528"
Vany - B MICROVANY,120000,"0,0596","0,0544"
Vany - B MICROVANY,150000,"0,0623","0,057"
Vany - C MINIVANY,30000,"0,0304","0,0275"
Vany - C MINIVANY,60000,"0,0505","0,0461"
Vany - C MINIVANY,90000,"0,0581","0,0528"
Vany - C MINIVANY,120000,"0,0596","0,0544"
Vany - C MINIVANY,150000,"0,0623","0,057"
Vany - D VANY,30000,"0,0304","0,0275"
Vany - D VANY,60000,"0,0505","0,0461"
Vany - D VANY,90000,"0,0581","0,0528"
Vany - D VANY,120000,"0,0596","0,0544"
Vany - D VANY,150000,"0,0623","0,057"
Vany - E WYŻSZA,30000,"0,0304","0,0275"
Vany - E WYŻSZA,60000,"0,0505","0,0461"
Vany - E WYŻSZA,90000,"0,0581","0,0528"
Vany - E WYŻSZA,120000,"0,0596","0,0544"
Vany - E WYŻSZA,150000,"0,0623","0,057"
Vany - F LUKSUSOWE,30000,"0,0304","0,0275"
Vany - F LUKSUSOWE,60000,"0,0505","0,0461"
Vany - F LUKSUSOWE,90000,"0,0581","0,0528"
Vany - F LUKSUSOWE,120000,"0,0596","0,0544"
Vany - F LUKSUSOWE,150000,"0,0623","0,057"
Sportowo-rekreacyjne - A MINI,30000,"0,0304","0,0275"
Sportowo-rekreacyjne - A MINI,60000,"0,0505","0,0461"
Sportowo-rekreacyjne - A MINI,90000,"0,0581","0,0528"
Sportowo-rekreacyjne - A MINI,120000,"0,0596","0,0544"
Sportowo-rekreacyjne - A MINI,150000,"0,0623","0,057"
Sportowo-rekreacyjne - B MAŁE,30000,"0,0304","0,0275"
Sportowo-rekreacyjne - B MAŁE,60000,"0,0505","0,0461"
Sportowo-rekreacyjne - B MAŁE,90000,"0,0581","0,0528"
Sportowo-rekreacyjne - B MAŁE,120000,"0,0596","0,0544"
Sportowo-rekreacyjne - B MAŁE,150000,"0,0623","0,057"
Sportowo-rekreacyjne - C NIŻSZA ŚREDNIA,30000,"0,0304","0,0275"
Sportowo-rekreacyjne - C NIŻSZA ŚREDNIA,60000,"0,0505","0,0461"
Sportowo-rekreacyjne - C NIŻSZA ŚREDNIA,90000,"0,0581","0,0528"
Sportowo-rekreacyjne - C NIŻSZA ŚREDNIA,120000,"0,0596","0,0544"
Sportowo-rekreacyjne - C NIŻSZA ŚREDNIA,150000,"0,0623","0,057"
Sportowo-rekreacyjne - D ŚREDNIA,30000,"0,0304","0,0275"
Sportowo-rekreacyjne - D ŚREDNIA,60000,"0,0505","0,0461"
Sportowo-rekreacyjne - D ŚREDNIA,90000,"0,0581","0,0528"
Sportowo-rekreacyjne - D ŚREDNIA,120000,"0,0596","0,0544"
Sportowo-rekreacyjne - D ŚREDNIA,150000,"0,0623","0,057"
Sportowo-rekreacyjne - E WYŻSZA,30000,"0,0304","0,0275"
Sportowo-rekreacyjne - E WYŻSZA,60000,"0,0505","0,0461"
Sportowo-rekreacyjne - E WYŻSZA,90000,"0,0581","0,0528"
Sportowo-rekreacyjne - E WYŻSZA,120000,"0,0596","0,0544"
Sportowo-rekreacyjne - E WYŻSZA,150000,"0,0623","0,057"
Sportowo-rekreacyjne - F LUKSUSOWE,30000,"0,0304","0,0275"
Sportowo-rekreacyjne - F LUKSUSOWE,60000,"0,0505","0,0461"
Sportowo-rekreacyjne - F LUKSUSOWE,90000,"0,0581","0,0528"
Sportowo-rekreacyjne - F LUKSUSOWE,120000,"0,0596","0,0544"
Sportowo-rekreacyjne - F LUKSUSOWE,150000,"0,0623","0,057"
Sportowo-rekreacyjne - G SUPER LUKSUSOWE,30000,"0,0304","0,0275"
Sportowo-rekreacyjne - G SUPER LUKSUSOWE,60000,"0,0505","0,0461"
Sportowo-rekreacyjne - G SUPER LUKSUSOWE,90000,"0,0581","0,0528"
Sportowo-rekreacyjne - G SUPER LUKSUSOWE,120000,"0,0596","0,0544"
Sportowo-rekreacyjne - G SUPER LUKSUSOWE,150000,"0,0623","0,057"
Terenowo-rekreacyjne (SUV) - B MAŁE,30000,"0,0304","0,0275"
Terenowo-rekreacyjne (SUV) - B MAŁE,60000,"0,0505","0,0461"
Terenowo-rekreacyjne (SUV) - B MAŁE,90000,"0,0581","0,0528"
Terenowo-rekreacyjne (SUV) - B MAŁE,120000,"0,0596","0,0544"
Terenowo-rekreacyjne (SUV) - B MAŁE,150000,"0,0623","0,057"
Terenowo-rekreacyjne (SUV) - C NIŻSZA ŚREDNIA,30000,"0,0304","0,0275"
Terenowo-rekreacyjne (SUV) - C NIŻSZA ŚREDNIA,60000,"0,0505","0,0461"
Terenowo-rekreacyjne (SUV) - C NIŻSZA ŚREDNIA,90000,"0,0581","0,0528"
Terenowo-rekreacyjne (SUV) - C NIŻSZA ŚREDNIA,120000,"0,0596","0,0544"
Terenowo-rekreacyjne (SUV) - C NIŻSZA ŚREDNIA,150000,"0,0623","0,057"
Terenowo-rekreacyjne (SUV) - D ŚREDNIA,30000,"0,0304","0,0275"
Terenowo-rekreacyjne (SUV) - D ŚREDNIA,60000,"0,0505","0,0461"
Terenowo-rekreacyjne (SUV) - D ŚREDNIA,90000,"0,0581","0,0528"
Terenowo-rekreacyjne (SUV) - D ŚREDNIA,120000,"0,0596","0,0544"
Terenowo-rekreacyjne (SUV) - D ŚREDNIA,150000,"0,0623","0,057"
Terenowo-rekreacyjne (SUV) - E WYŻSZA,30000,"0,0304","0,0275"
Terenowo-rekreacyjne (SUV) - E WYŻSZA,60000,"0,0505","0,0461"
Terenowo-rekreacyjne (SUV) - E WYŻSZA,90000,"0,0581","0,0528"
Terenowo-rekreacyjne (SUV) - E WYŻSZA,120000,"0,0596","0,0544"
Terenowo-rekreacyjne (SUV) - E WYŻSZA,150000,"0,0623","0,057"
Terenowo-rekreacyjne (SUV) - F LUKSUSOWE,30000,"0,0304","0,0275"
Terenowo-rekreacyjne (SUV) - F LUKSUSOWE,60000,"0,0505","0,0461"
Terenowo-rekreacyjne (SUV) - F LUKSUSOWE,90000,"0,0581","0,0528"
Terenowo-rekreacyjne (SUV) - F LUKSUSOWE,120000,"0,0596","0,0544"
Terenowo-rekreacyjne (SUV) - F LUKSUSOWE,150000,"0,0623","0,057"
Terenowo-rekreacyjne (SUV) - G SUPER LUKSUSOWE,30000,"0,0304","0,0275"
Terenowo-rekreacyjne (SUV) - G SUPER LUKSUSOWE,60000,"0,0505","0,0461"
Terenowo-rekreacyjne (SUV) - G SUPER LUKSUSOWE,90000,"0,0581","0,0528"
Terenowo-rekreacyjne (SUV) - G SUPER LUKSUSOWE,120000,"0,0596","0,0544"
Terenowo-rekreacyjne (SUV) - G SUPER LUKSUSOWE,150000,"0,0623","0,057"
Kombivany - H KOMBI-VANY,30000,"0,0304","0,0275"
Kombivany - H KOMBI-VANY,60000,"0,0505","0,0461"
Kombivany - H KOMBI-VANY,90000,"0,0581","0,0528"
Kombivany - H KOMBI-VANY,120000,"0,0596","0,0544"
Kombivany - H KOMBI-VANY,150000,"0,0623","0,057"
Minibusy - I MINIBUSY,30000,"0,0304","0,0275"
Minibusy - I MINIBUSY,60000,"0,0505","0,0461"
Minibusy - I MINIBUSY,90000,"0,0581","0,0528"
Minibusy - I MINIBUSY,120000,"0,0596","0,0544"
Minibusy - I MINIBUSY,150000,"0,0623","0,057"
